times,date,number
1,1994年10月7日,191
2,1994年10月14日,988
3,1994年10月21日,194
4,1994年10月28日,105
5,1994年11月4日,592
6,1994年11月11日,792
7,1994年11月18日,708
8,1994年11月25日,234
9,1994年12月2日,243
10,1994年12月9日,340
11,1994年12月16日,326
12,1994年12月23日,247
13,1994年12月30日,229
14,1995年1月6日,743
15,1995年1月10日,019
16,1995年1月13日,179
17,1995年1月17日,475
18,1995年1月20日,291
19,1995年1月24日,852
20,1995年1月27日,502
21,1995年1月31日,558
22,1995年2月3日,951
23,1995年2月7日,912
24,1995年2月10日,039
25,1995年2月14日,458
26,1995年2月17日,984
27,1995年2月21日,917
28,1995年2月24日,789
29,1995年2月28日,589
30,1995年3月3日,725
31,1995年3月7日,073
32,1995年3月10日,547
33,1995年3月14日,063
34,1995年3月17日,634
35,1995年3月21日,333
36,1995年3月24日,405
37,1995年3月28日,168
38,1995年3月31日,389
39,1995年4月4日,587
40,1995年4月7日,304
41,1995年4月11日,048
42,1995年4月14日,228
43,1995年4月18日,922
44,1995年4月21日,697
45,1995年4月25日,970
46,1995年4月28日,298
47,1995年5月2日,989
48,1995年5月5日,202
49,1995年5月9日,476
50,1995年5月12日,042
51,1995年5月16日,802
52,1995年5月19日,717
53,1995年5月23日,889
54,1995年5月26日,226
55,1995年5月30日,728
56,1995年6月2日,929
57,1995年6月6日,836
58,1995年6月9日,383
59,1995年6月13日,410
60,1995年6月16日,980
61,1995年6月20日,542
62,1995年6月23日,725
63,1995年6月27日,251
64,1995年6月30日,260
65,1995年7月4日,588
66,1995年7月7日,512
67,1995年7月11日,512
68,1995年7月14日,750
69,1995年7月18日,902
70,1995年7月21日,963
71,1995年7月25日,661
72,1995年7月28日,879
73,1995年8月1日,452
74,1995年8月4日,174
75,1995年8月8日,283
76,1995年8月11日,238
77,1995年8月15日,972
78,1995年8月18日,241
79,1995年8月22日,310
80,1995年8月25日,882
81,1995年8月29日,269
82,1995年9月1日,144
83,1995年9月5日,174
84,1995年9月8日,882
85,1995年9月12日,307
86,1995年9月15日,864
87,1995年9月19日,370
88,1995年9月22日,739
89,1995年9月26日,697
90,1995年9月29日,689
91,1995年10月3日,168
92,1995年10月6日,957
93,1995年10月10日,910
94,1995年10月13日,933
95,1995年10月17日,306
96,1995年10月20日,944
97,1995年10月24日,988
98,1995年10月27日,562
99,1995年10月31日,571
100,1995年11月3日,899
101,1995年11月7日,945
102,1995年11月10日,560
103,1995年11月14日,824
104,1995年11月17日,610
105,1995年11月21日,619
106,1995年11月24日,086
107,1995年11月28日,082
108,1995年12月1日,254
109,1995年12月5日,191
110,1995年12月8日,385
111,1995年12月12日,056
112,1995年12月15日,167
113,1995年12月19日,744
114,1995年12月22日,205
115,1995年12月26日,770
116,1995年12月29日,366
117,1996年1月5日,952
118,1996年1月9日,635
119,1996年1月12日,952
120,1996年1月16日,650
121,1996年1月19日,439
122,1996年1月23日,458
123,1996年1月26日,513
124,1996年1月30日,863
125,1996年2月2日,409
126,1996年2月6日,318
127,1996年2月9日,217
128,1996年2月13日,855
129,1996年2月16日,620
130,1996年2月20日,559
131,1996年2月23日,820
132,1996年2月27日,016
133,1996年3月1日,926
134,1996年3月5日,603
135,1996年3月8日,454
136,1996年3月12日,295
137,1996年3月15日,819
138,1996年3月19日,995
139,1996年3月22日,356
140,1996年3月26日,054
141,1996年3月29日,783
142,1996年4月2日,077
143,1996年4月5日,694
144,1996年4月9日,594
145,1996年4月12日,125
146,1996年4月16日,766
147,1996年4月19日,464
148,1996年4月23日,489
149,1996年4月26日,003
150,1996年4月30日,538
151,1996年5月3日,332
152,1996年5月7日,224
153,1996年5月10日,750
154,1996年5月14日,791
155,1996年5月17日,126
156,1996年5月21日,991
157,1996年5月24日,570
158,1996年5月28日,604
159,1996年5月31日,259
160,1996年6月4日,839
161,1996年6月7日,284
162,1996年6月11日,516
163,1996年6月14日,648
164,1996年6月18日,198
165,1996年6月21日,563
166,1996年6月25日,331
167,1996年6月28日,233
168,1996年7月2日,107
169,1996年7月5日,351
170,1996年7月9日,574
171,1996年7月12日,679
172,1996年7月16日,355
173,1996年7月19日,581
174,1996年7月23日,967
175,1996年7月26日,683
176,1996年7月30日,203
177,1996年8月2日,845
178,1996年8月6日,464
179,1996年8月9日,168
180,1996年8月13日,632
181,1996年8月16日,890
182,1996年8月20日,439
183,1996年8月23日,589
184,1996年8月27日,492
185,1996年8月30日,882
186,1996年9月3日,439
187,1996年9月6日,975
188,1996年9月10日,254
189,1996年9月13日,199
190,1996年9月17日,170
191,1996年9月20日,424
192,1996年9月24日,021
193,1996年9月27日,656
194,1996年10月1日,812
195,1996年10月4日,819
196,1996年10月8日,907
197,1996年10月11日,728
198,1996年10月15日,374
199,1996年10月18日,269
200,1996年10月22日,411
201,1996年10月25日,176
202,1996年10月29日,676
203,1996年11月1日,093
204,1996年11月5日,211
205,1996年11月8日,531
206,1996年11月12日,938
207,1996年11月15日,413
208,1996年11月19日,781
209,1996年11月22日,920
210,1996年11月26日,192
211,1996年11月29日,022
212,1996年12月3日,151
213,1996年12月6日,502
214,1996年12月10日,870
215,1996年12月13日,215
216,1996年12月17日,337
217,1996年12月20日,712
218,1996年12月24日,594
219,1996年12月27日,260
220,1997年1月7日,112
221,1997年1月10日,514
222,1997年1月14日,227
223,1997年1月17日,333
224,1997年1月21日,466
225,1997年1月24日,751
226,1997年1月28日,952
227,1997年1月31日,188
228,1997年2月4日,014
229,1997年2月7日,409
230,1997年2月11日,383
231,1997年2月14日,523
232,1997年2月18日,945
233,1997年2月21日,065
234,1997年2月25日,317
235,1997年2月28日,582
236,1997年3月4日,830
237,1997年3月7日,648
238,1997年3月11日,414
239,1997年3月14日,741
240,1997年3月18日,229
241,1997年3月21日,400
242,1997年3月25日,066
243,1997年3月28日,608
244,1997年4月1日,140
245,1997年4月4日,827
246,1997年4月8日,593
247,1997年4月11日,537
248,1997年4月15日,193
249,1997年4月18日,624
250,1997年4月22日,180
251,1997年4月25日,227
252,1997年4月29日,004
253,1997年5月2日,616
254,1997年5月6日,238
255,1997年5月9日,770
256,1997年5月13日,088
257,1997年5月16日,935
258,1997年5月20日,447
259,1997年5月23日,216
260,1997年5月27日,061
261,1997年5月30日,596
262,1997年6月3日,042
263,1997年6月6日,839
264,1997年6月10日,362
265,1997年6月13日,928
266,1997年6月17日,972
267,1997年6月20日,093
268,1997年6月24日,024
269,1997年6月27日,782
270,1997年7月1日,793
271,1997年7月4日,823
272,1997年7月8日,783
273,1997年7月11日,526
274,1997年7月15日,854
275,1997年7月18日,806
276,1997年7月22日,385
277,1997年7月25日,632
278,1997年7月29日,877
279,1997年8月1日,891
280,1997年8月5日,326
281,1997年8月8日,907
282,1997年8月12日,743
283,1997年8月15日,940
284,1997年8月19日,588
285,1997年8月22日,760
286,1997年8月26日,272
287,1997年8月29日,925
288,1997年9月2日,144
289,1997年9月5日,838
290,1997年9月9日,167
291,1997年9月12日,085
292,1997年9月16日,737
293,1997年9月19日,663
294,1997年9月23日,107
295,1997年9月26日,075
296,1997年9月30日,880
297,1997年10月3日,144
298,1997年10月6日,104
299,1997年10月8日,155
300,1997年10月10日,126
301,1997年10月13日,330
302,1997年10月15日,001
303,1997年10月17日,497
304,1997年10月20日,399
305,1997年10月22日,367
306,1997年10月24日,748
307,1997年10月27日,690
308,1997年10月29日,519
309,1997年10月31日,777
310,1997年11月3日,575
311,1997年11月5日,104
312,1997年11月7日,068
313,1997年11月10日,069
314,1997年11月12日,242
315,1997年11月14日,137
316,1997年11月17日,218
317,1997年11月19日,190
318,1997年11月21日,537
319,1997年11月24日,395
320,1997年11月26日,598
321,1997年11月28日,429
322,1997年12月1日,064
323,1997年12月3日,375
324,1997年12月5日,805
325,1997年12月8日,531
326,1997年12月10日,930
327,1997年12月12日,980
328,1997年12月15日,736
329,1997年12月17日,543
330,1997年12月19日,179
331,1997年12月22日,196
332,1997年12月24日,167
333,1997年12月26日,238
334,1997年12月29日,480
335,1998年1月5日,950
336,1998年1月7日,551
337,1998年1月9日,632
338,1998年1月12日,704
339,1998年1月14日,152
340,1998年1月16日,992
341,1998年1月19日,259
342,1998年1月21日,686
343,1998年1月23日,997
344,1998年1月26日,035
345,1998年1月28日,513
346,1998年1月30日,000
347,1998年2月2日,718
348,1998年2月4日,394
349,1998年2月6日,431
350,1998年2月9日,638
351,1998年2月11日,417
352,1998年2月13日,038
353,1998年2月16日,996
354,1998年2月18日,750
355,1998年2月20日,487
356,1998年2月23日,852
357,1998年2月25日,756
358,1998年2月27日,469
359,1998年3月2日,277
360,1998年3月4日,965
361,1998年3月6日,965
362,1998年3月9日,640
363,1998年3月11日,458
364,1998年3月13日,908
365,1998年3月16日,887
366,1998年3月18日,841
367,1998年3月20日,778
368,1998年3月23日,805
369,1998年3月25日,135
370,1998年3月27日,091
371,1998年3月30日,798
372,1998年4月1日,202
373,1998年4月3日,417
374,1998年4月6日,409
375,1998年4月8日,994
376,1998年4月10日,274
377,1998年4月13日,155
378,1998年4月15日,075
379,1998年4月17日,649
380,1998年4月20日,820
381,1998年4月22日,885
382,1998年4月24日,606
383,1998年4月27日,081
384,1998年4月29日,690
385,1998年5月1日,332
386,1998年5月4日,578
387,1998年5月6日,396
388,1998年5月8日,227
389,1998年5月11日,275
390,1998年5月13日,956
391,1998年5月15日,066
392,1998年5月18日,426
393,1998年5月20日,029
394,1998年5月22日,729
395,1998年5月25日,440
396,1998年5月27日,963
397,1998年5月29日,345
398,1998年6月1日,274
399,1998年6月3日,816
400,1998年6月5日,596
401,1998年6月8日,354
402,1998年6月10日,058
403,1998年6月12日,431
404,1998年6月15日,109
405,1998年6月17日,891
406,1998年6月19日,222
407,1998年6月22日,042
408,1998年6月24日,237
409,1998年6月26日,400
410,1998年6月29日,866
411,1998年7月1日,636
412,1998年7月3日,514
413,1998年7月6日,910
414,1998年7月8日,737
415,1998年7月10日,834
416,1998年7月13日,001
417,1998年7月15日,371
418,1998年7月17日,429
419,1998年7月20日,723
420,1998年7月22日,427
421,1998年7月24日,402
422,1998年7月27日,495
423,1998年7月29日,367
424,1998年7月31日,043
425,1998年8月3日,535
426,1998年8月5日,618
427,1998年8月7日,159
428,1998年8月10日,512
429,1998年8月12日,641
430,1998年8月14日,652
431,1998年8月17日,219
432,1998年8月19日,163
433,1998年8月21日,255
434,1998年8月24日,698
435,1998年8月26日,161
436,1998年8月28日,244
437,1998年8月31日,727
438,1998年9月2日,235
439,1998年9月4日,605
440,1998年9月7日,520
441,1998年9月9日,196
442,1998年9月11日,174
443,1998年9月14日,198
444,1998年9月16日,107
445,1998年9月18日,087
446,1998年9月21日,531
447,1998年9月23日,453
448,1998年9月25日,785
449,1998年9月28日,048
450,1998年9月30日,033
451,1998年10月2日,423
452,1998年10月5日,666
453,1998年10月7日,102
454,1998年10月9日,713
455,1998年10月12日,612
456,1998年10月14日,887
457,1998年10月16日,189
458,1998年10月19日,383
459,1998年10月21日,620
460,1998年10月23日,150
461,1998年10月26日,190
462,1998年10月28日,292
463,1998年10月30日,994
464,1998年11月2日,086
465,1998年11月4日,095
466,1998年11月6日,256
467,1998年11月9日,882
468,1998年11月11日,687
469,1998年11月13日,949
470,1998年11月16日,577
471,1998年11月18日,301
472,1998年11月20日,616
473,1998年11月23日,407
474,1998年11月25日,041
475,1998年11月27日,583
476,1998年11月30日,111
477,1998年12月2日,498
478,1998年12月4日,277
479,1998年12月7日,962
480,1998年12月9日,335
481,1998年12月11日,550
482,1998年12月14日,818
483,1998年12月16日,075
484,1998年12月18日,899
485,1998年12月21日,485
486,1998年12月23日,932
487,1998年12月25日,856
488,1998年12月28日,115
489,1998年12月30日,618
490,1999年1月4日,634
491,1999年1月6日,995
492,1999年1月8日,931
493,1999年1月11日,385
494,1999年1月13日,153
495,1999年1月15日,827
496,1999年1月18日,028
497,1999年1月20日,595
498,1999年1月22日,211
499,1999年1月25日,012
500,1999年1月27日,679
501,1999年1月29日,640
502,1999年2月1日,929
503,1999年2月3日,782
504,1999年2月5日,947
505,1999年2月8日,480
506,1999年2月10日,993
507,1999年2月12日,172
508,1999年2月15日,295
509,1999年2月17日,831
510,1999年2月19日,253
511,1999年2月22日,914
512,1999年2月24日,947
513,1999年2月26日,900
514,1999年3月1日,122
515,1999年3月3日,286
516,1999年3月5日,583
517,1999年3月8日,287
518,1999年3月10日,402
519,1999年3月12日,658
520,1999年3月15日,493
521,1999年3月17日,535
522,1999年3月19日,073
523,1999年3月22日,532
524,1999年3月24日,036
525,1999年3月26日,919
526,1999年3月29日,357
527,1999年3月31日,593
528,1999年4月2日,743
529,1999年4月5日,413
530,1999年4月7日,719
531,1999年4月9日,835
532,1999年4月12日,277
533,1999年4月14日,200
534,1999年4月16日,432
535,1999年4月19日,205
536,1999年4月21日,951
537,1999年4月23日,998
538,1999年4月26日,628
539,1999年4月28日,435
540,1999年4月30日,154
541,1999年5月3日,033
542,1999年5月5日,614
543,1999年5月7日,362
544,1999年5月10日,269
545,1999年5月12日,838
546,1999年5月14日,098
547,1999年5月17日,806
548,1999年5月19日,411
549,1999年5月21日,450
550,1999年5月24日,666
551,1999年5月26日,300
552,1999年5月28日,993
553,1999年5月31日,019
554,1999年6月2日,355
555,1999年6月4日,602
556,1999年6月7日,331
557,1999年6月9日,443
558,1999年6月11日,666
559,1999年6月14日,297
560,1999年6月16日,057
561,1999年6月18日,190
562,1999年6月21日,382
563,1999年6月23日,080
564,1999年6月25日,732
565,1999年6月28日,982
566,1999年6月30日,906
567,1999年7月2日,433
568,1999年7月5日,953
569,1999年7月7日,049
570,1999年7月9日,587
571,1999年7月12日,798
572,1999年7月14日,731
573,1999年7月16日,597
574,1999年7月19日,910
575,1999年7月21日,939
576,1999年7月23日,487
577,1999年7月26日,228
578,1999年7月28日,398
579,1999年7月30日,588
580,1999年8月2日,385
581,1999年8月4日,160
582,1999年8月6日,315
583,1999年8月9日,850
584,1999年8月11日,085
585,1999年8月13日,365
586,1999年8月16日,207
587,1999年8月18日,569
588,1999年8月20日,652
589,1999年8月23日,485
590,1999年8月25日,947
591,1999年8月27日,046
592,1999年8月30日,036
593,1999年9月1日,829
594,1999年9月3日,130
595,1999年9月6日,162
596,1999年9月8日,193
597,1999年9月10日,429
598,1999年9月13日,306
599,1999年9月15日,554
600,1999年9月17日,752
601,1999年9月20日,421
602,1999年9月22日,979
603,1999年9月24日,699
604,1999年9月27日,939
605,1999年9月29日,030
606,1999年10月1日,638
607,1999年10月4日,405
608,1999年10月6日,964
609,1999年10月8日,178
610,1999年10月11日,337
611,1999年10月13日,801
612,1999年10月15日,730
613,1999年10月18日,591
614,1999年10月20日,369
615,1999年10月22日,142
616,1999年10月25日,475
617,1999年10月27日,092
618,1999年10月29日,279
619,1999年11月1日,567
620,1999年11月3日,866
621,1999年11月5日,044
622,1999年11月8日,639
623,1999年11月10日,308
624,1999年11月12日,675
625,1999年11月15日,546
626,1999年11月17日,588
627,1999年11月19日,472
628,1999年11月22日,201
629,1999年11月24日,118
630,1999年11月26日,223
631,1999年11月29日,194
632,1999年12月1日,182
633,1999年12月3日,446
634,1999年12月6日,382
635,1999年12月8日,669
636,1999年12月10日,403
637,1999年12月13日,633
638,1999年12月15日,951
639,1999年12月17日,783
640,1999年12月20日,908
641,1999年12月22日,636
642,1999年12月24日,433
643,1999年12月27日,364
644,1999年12月29日,949
645,2000年1月5日,584
646,2000年1月7日,732
647,2000年1月10日,175
648,2000年1月12日,044
649,2000年1月14日,282
650,2000年1月17日,969
651,2000年1月19日,345
652,2000年1月21日,258
653,2000年1月24日,037
654,2000年1月26日,507
655,2000年1月28日,798
656,2000年1月31日,028
657,2000年2月2日,959
658,2000年2月4日,553
659,2000年2月7日,649
660,2000年2月9日,875
661,2000年2月11日,081
662,2000年2月14日,646
663,2000年2月16日,070
664,2000年2月18日,195
665,2000年2月21日,297
666,2000年2月23日,277
667,2000年2月25日,943
668,2000年2月28日,157
669,2000年3月1日,367
670,2000年3月3日,811
671,2000年3月6日,682
672,2000年3月8日,916
673,2000年3月10日,385
674,2000年3月13日,478
675,2000年3月15日,944
676,2000年3月17日,830
677,2000年3月20日,068
678,2000年3月22日,628
679,2000年3月24日,261
680,2000年3月27日,277
681,2000年3月29日,503
682,2000年3月31日,973
683,2000年4月3日,632
684,2000年4月5日,715
685,2000年4月7日,947
686,2000年4月10日,790
687,2000年4月12日,751
688,2000年4月14日,232
689,2000年4月17日,042
690,2000年4月19日,274
691,2000年4月21日,132
692,2000年4月24日,548
693,2000年4月26日,094
694,2000年4月28日,900
695,2000年5月1日,797
696,2000年5月3日,003
697,2000年5月5日,971
698,2000年5月8日,907
699,2000年5月10日,278
700,2000年5月12日,232
701,2000年5月15日,883
702,2000年5月17日,993
703,2000年5月19日,424
704,2000年5月22日,869
705,2000年5月24日,094
706,2000年5月26日,948
707,2000年5月29日,851
708,2000年5月31日,337
709,2000年6月2日,762
710,2000年6月5日,114
711,2000年6月7日,755
712,2000年6月9日,428
713,2000年6月12日,620
714,2000年6月14日,943
715,2000年6月16日,040
716,2000年6月19日,469
717,2000年6月21日,743
718,2000年6月23日,241
719,2000年6月26日,234
720,2000年6月28日,217
721,2000年6月30日,889
722,2000年7月3日,214
723,2000年7月5日,739
724,2000年7月7日,376
725,2000年7月10日,397
726,2000年7月12日,629
727,2000年7月14日,125
728,2000年7月17日,743
729,2000年7月19日,189
730,2000年7月21日,974
731,2000年7月24日,808
732,2000年7月26日,715
733,2000年7月28日,179
734,2000年7月31日,496
735,2000年8月2日,610
736,2000年8月4日,603
737,2000年8月7日,821
738,2000年8月9日,065
739,2000年8月11日,918
740,2000年8月14日,602
741,2000年8月16日,054
742,2000年8月18日,286
743,2000年8月21日,854
744,2000年8月23日,946
745,2000年8月25日,031
746,2000年8月28日,134
747,2000年8月30日,831
748,2000年9月1日,617
749,2000年9月4日,920
750,2000年9月6日,912
751,2000年9月8日,266
752,2000年9月11日,370
753,2000年9月13日,208
754,2000年9月15日,307
755,2000年9月18日,982
756,2000年9月20日,386
757,2000年9月22日,375
758,2000年9月25日,088
759,2000年9月27日,548
760,2000年9月29日,699
761,2000年10月2日,805
762,2000年10月4日,804
763,2000年10月6日,610
764,2000年10月9日,094
765,2000年10月11日,117
766,2000年10月13日,835
767,2000年10月16日,618
768,2000年10月18日,192
769,2000年10月20日,220
770,2000年10月23日,325
771,2000年10月25日,522
772,2000年10月27日,574
773,2000年10月30日,811
774,2000年11月1日,080
775,2000年11月3日,923
776,2000年11月6日,302
777,2000年11月8日,237
778,2000年11月10日,226
779,2000年11月13日,167
780,2000年11月15日,033
781,2000年11月17日,472
782,2000年11月20日,014
783,2000年11月22日,924
784,2000年11月24日,703
785,2000年11月27日,908
786,2000年11月29日,160
787,2000年12月1日,221
788,2000年12月4日,433
789,2000年12月6日,787
790,2000年12月8日,807
791,2000年12月11日,552
792,2000年12月13日,220
793,2000年12月15日,685
794,2000年12月18日,199
795,2000年12月20日,461
796,2000年12月22日,360
797,2000年12月25日,418
798,2000年12月27日,477
799,2000年12月29日,953
800,2001年1月5日,817
801,2001年1月8日,793
802,2001年1月10日,468
803,2001年1月12日,405
804,2001年1月15日,331
805,2001年1月17日,224
806,2001年1月19日,221
807,2001年1月22日,122
808,2001年1月24日,296
809,2001年1月26日,127
810,2001年1月29日,929
811,2001年1月31日,559
812,2001年2月2日,614
813,2001年2月5日,096
814,2001年2月7日,873
815,2001年2月9日,839
816,2001年2月12日,650
817,2001年2月14日,922
818,2001年2月16日,427
819,2001年2月19日,369
820,2001年2月21日,033
821,2001年2月23日,292
822,2001年2月26日,459
823,2001年2月28日,535
824,2001年3月2日,102
825,2001年3月5日,339
826,2001年3月7日,823
827,2001年3月9日,802
828,2001年3月12日,939
829,2001年3月14日,442
830,2001年3月16日,247
831,2001年3月19日,764
832,2001年3月21日,626
833,2001年3月23日,826
834,2001年3月26日,594
835,2001年3月28日,309
836,2001年3月30日,926
837,2001年4月2日,539
838,2001年4月4日,524
839,2001年4月6日,679
840,2001年4月9日,059
841,2001年4月11日,306
842,2001年4月13日,219
843,2001年4月16日,768
844,2001年4月18日,170
845,2001年4月20日,274
846,2001年4月23日,531
847,2001年4月25日,473
848,2001年4月27日,098
849,2001年4月30日,539
850,2001年5月2日,646
851,2001年5月4日,717
852,2001年5月7日,057
853,2001年5月9日,363
854,2001年5月11日,112
855,2001年5月14日,939
856,2001年5月16日,099
857,2001年5月18日,921
858,2001年5月21日,510
859,2001年5月23日,400
860,2001年5月25日,963
861,2001年5月28日,931
862,2001年5月30日,883
863,2001年6月1日,585
864,2001年6月4日,426
865,2001年6月6日,329
866,2001年6月8日,571
867,2001年6月11日,432
868,2001年6月13日,634
869,2001年6月15日,245
870,2001年6月18日,772
871,2001年6月20日,639
872,2001年6月22日,755
873,2001年6月25日,367
874,2001年6月27日,454
875,2001年6月29日,778
876,2001年7月2日,845
877,2001年7月4日,589
878,2001年7月6日,318
879,2001年7月9日,908
880,2001年7月11日,678
881,2001年7月13日,494
882,2001年7月16日,703
883,2001年7月18日,745
884,2001年7月20日,388
885,2001年7月23日,307
886,2001年7月25日,302
887,2001年7月27日,672
888,2001年7月30日,691
889,2001年8月1日,139
890,2001年8月3日,332
891,2001年8月6日,254
892,2001年8月8日,353
893,2001年8月10日,184
894,2001年8月13日,592
895,2001年8月15日,614
896,2001年8月17日,108
897,2001年8月20日,055
898,2001年8月22日,980
899,2001年8月24日,350
900,2001年8月27日,088
901,2001年8月29日,694
902,2001年8月31日,377
903,2001年9月3日,648
904,2001年9月5日,005
905,2001年9月7日,812
906,2001年9月10日,202
907,2001年9月12日,865
908,2001年9月14日,042
909,2001年9月17日,116
910,2001年9月19日,947
911,2001年9月21日,972
912,2001年9月24日,891
913,2001年9月26日,524
914,2001年9月28日,737
915,2001年10月1日,356
916,2001年10月3日,276
917,2001年10月5日,502
918,2001年10月8日,997
919,2001年10月10日,223
920,2001年10月12日,498
921,2001年10月15日,315
922,2001年10月17日,893
923,2001年10月19日,232
924,2001年10月22日,511
925,2001年10月24日,971
926,2001年10月26日,373
927,2001年10月29日,468
928,2001年10月31日,848
929,2001年11月2日,032
930,2001年11月5日,905
931,2001年11月7日,330
932,2001年11月9日,471
933,2001年11月12日,337
934,2001年11月14日,361
935,2001年11月16日,304
936,2001年11月19日,666
937,2001年11月21日,865
938,2001年11月23日,603
939,2001年11月26日,308
940,2001年11月28日,188
941,2001年11月30日,059
942,2001年12月3日,614
943,2001年12月5日,881
944,2001年12月7日,937
945,2001年12月10日,019
946,2001年12月12日,361
947,2001年12月14日,220
948,2001年12月17日,478
949,2001年12月19日,788
950,2001年12月21日,707
951,2001年12月24日,147
952,2001年12月26日,549
953,2001年12月28日,875
954,2002年1月4日,103
955,2002年1月7日,845
956,2002年1月9日,981
957,2002年1月11日,533
958,2002年1月14日,454
959,2002年1月16日,911
960,2002年1月18日,060
961,2002年1月21日,345
962,2002年1月23日,559
963,2002年1月25日,805
964,2002年1月28日,230
965,2002年1月30日,131
966,2002年2月1日,832
967,2002年2月4日,715
968,2002年2月6日,181
969,2002年2月8日,950
970,2002年2月11日,749
971,2002年2月13日,147
972,2002年2月15日,337
973,2002年2月18日,557
974,2002年2月20日,795
975,2002年2月22日,432
976,2002年2月25日,000
977,2002年2月27日,192
978,2002年3月1日,158
979,2002年3月4日,011
980,2002年3月6日,420
981,2002年3月8日,250
982,2002年3月11日,071
983,2002年3月13日,727
984,2002年3月15日,824
985,2002年3月18日,622
986,2002年3月20日,505
987,2002年3月22日,683
988,2002年3月25日,241
989,2002年3月27日,979
990,2002年3月29日,543
991,2002年4月1日,505
992,2002年4月3日,124
993,2002年4月5日,393
994,2002年4月8日,658
995,2002年4月10日,312
996,2002年4月12日,931
997,2002年4月15日,168
998,2002年4月17日,851
999,2002年4月19日,189
1000,2002年4月22日,165
1001,2002年4月24日,828
1002,2002年4月26日,324
1003,2002年4月29日,241
1004,2002年5月1日,629
1005,2002年5月3日,215
1006,2002年5月6日,233
1007,2002年5月8日,297
1008,2002年5月10日,381
1009,2002年5月13日,699
1010,2002年5月15日,695
1011,2002年5月17日,813
1012,2002年5月20日,690
1013,2002年5月22日,199
1014,2002年5月24日,758
1015,2002年5月27日,922
1016,2002年5月29日,810
1017,2002年5月31日,463
1018,2002年6月3日,749
1019,2002年6月5日,546
1020,2002年6月7日,140
1021,2002年6月10日,642
1022,2002年6月12日,463
1023,2002年6月14日,224
1024,2002年6月17日,423
1025,2002年6月19日,793
1026,2002年6月21日,554
1027,2002年6月24日,794
1028,2002年6月26日,441
1029,2002年6月28日,825
1030,2002年7月1日,260
1031,2002年7月3日,216
1032,2002年7月5日,404
1033,2002年7月8日,466
1034,2002年7月10日,249
1035,2002年7月12日,067
1036,2002年7月15日,524
1037,2002年7月17日,925
1038,2002年7月19日,143
1039,2002年7月22日,258
1040,2002年7月24日,108
1041,2002年7月26日,526
1042,2002年7月29日,647
1043,2002年7月31日,844
1044,2002年8月2日,883
1045,2002年8月5日,267
1046,2002年8月7日,676
1047,2002年8月9日,165
1048,2002年8月12日,602
1049,2002年8月14日,006
1050,2002年8月16日,290
1051,2002年8月19日,538
1052,2002年8月21日,642
1053,2002年8月23日,670
1054,2002年8月26日,911
1055,2002年8月28日,552
1056,2002年8月30日,646
1057,2002年9月2日,137
1058,2002年9月4日,347
1059,2002年9月6日,879
1060,2002年9月9日,966
1061,2002年9月11日,995
1062,2002年9月13日,165
1063,2002年9月16日,966
1064,2002年9月18日,228
1065,2002年9月20日,385
1066,2002年9月23日,571
1067,2002年9月25日,259
1068,2002年9月27日,330
1069,2002年9月30日,670
1070,2002年10月2日,853
1071,2002年10月4日,910
1072,2002年10月7日,382
1073,2002年10月9日,461
1074,2002年10月11日,866
1075,2002年10月14日,567
1076,2002年10月16日,954
1077,2002年10月18日,294
1078,2002年10月21日,408
1079,2002年10月23日,438
1080,2002年10月25日,410
1081,2002年10月28日,465
1082,2002年10月30日,486
1083,2002年11月1日,334
1084,2002年11月4日,721
1085,2002年11月6日,175
1086,2002年11月8日,750
1087,2002年11月11日,299
1088,2002年11月13日,305
1089,2002年11月15日,670
1090,2002年11月18日,549
1091,2002年11月20日,621
1092,2002年11月22日,779
1093,2002年11月25日,782
1094,2002年11月27日,798
1095,2002年11月29日,289
1096,2002年12月2日,601
1097,2002年12月4日,188
1098,2002年12月6日,053
1099,2002年12月9日,180
1100,2002年12月11日,390
1101,2002年12月13日,232
1102,2002年12月16日,015
1103,2002年12月18日,270
1104,2002年12月20日,386
1105,2002年12月23日,748
1106,2002年12月25日,821
1107,2002年12月27日,519
1108,2002年12月30日,407
1109,2003年1月6日,739
1110,2003年1月8日,904
1111,2003年1月10日,850
1112,2003年1月13日,417
1113,2003年1月15日,735
1114,2003年1月17日,685
1115,2003年1月20日,703
1116,2003年1月22日,409
1117,2003年1月24日,718
1118,2003年1月27日,816
1119,2003年1月29日,264
1120,2003年1月31日,789
1121,2003年2月3日,996
1122,2003年2月5日,702
1123,2003年2月7日,687
1124,2003年2月10日,818
1125,2003年2月12日,820
1126,2003年2月14日,361
1127,2003年2月17日,554
1128,2003年2月19日,956
1129,2003年2月21日,264
1130,2003年2月24日,036
1131,2003年2月26日,210
1132,2003年2月28日,418
1133,2003年3月3日,036
1134,2003年3月5日,251
1135,2003年3月7日,887
1136,2003年3月10日,410
1137,2003年3月12日,233
1138,2003年3月14日,250
1139,2003年3月17日,072
1140,2003年3月19日,757
1141,2003年3月21日,917
1142,2003年3月24日,540
1143,2003年3月26日,129
1144,2003年3月28日,999
1145,2003年3月31日,126
1146,2003年4月2日,442
1147,2003年4月4日,428
1148,2003年4月7日,016
1149,2003年4月9日,511
1150,2003年4月11日,831
1151,2003年4月14日,714
1152,2003年4月16日,177
1153,2003年4月18日,687
1154,2003年4月21日,142
1155,2003年4月23日,309
1156,2003年4月25日,198
1157,2003年4月28日,041
1158,2003年4月30日,971
1159,2003年5月2日,806
1160,2003年5月5日,831
1161,2003年5月7日,577
1162,2003年5月9日,366
1163,2003年5月12日,990
1164,2003年5月14日,835
1165,2003年5月16日,644
1166,2003年5月19日,254
1167,2003年5月21日,183
1168,2003年5月23日,280
1169,2003年5月26日,400
1170,2003年5月28日,617
1171,2003年5月30日,581
1172,2003年6月2日,020
1173,2003年6月4日,271
1174,2003年6月6日,170
1175,2003年6月9日,493
1176,2003年6月11日,608
1177,2003年6月13日,441
1178,2003年6月16日,996
1179,2003年6月18日,889
1180,2003年6月20日,044
1181,2003年6月23日,346
1182,2003年6月25日,903
1183,2003年6月27日,609
1184,2003年6月30日,749
1185,2003年7月2日,342
1186,2003年7月4日,422
1187,2003年7月7日,184
1188,2003年7月9日,865
1189,2003年7月11日,463
1190,2003年7月14日,556
1191,2003年7月16日,269
1192,2003年7月18日,664
1193,2003年7月21日,686
1194,2003年7月23日,438
1195,2003年7月25日,416
1196,2003年7月28日,897
1197,2003年7月30日,695
1198,2003年8月1日,547
1199,2003年8月4日,152
1200,2003年8月6日,944
1201,2003年8月8日,957
1202,2003年8月11日,459
1203,2003年8月13日,989
1204,2003年8月15日,820
1205,2003年8月18日,766
1206,2003年8月20日,943
1207,2003年8月22日,958
1208,2003年8月25日,160
1209,2003年8月27日,612
1210,2003年8月29日,162
1211,2003年9月1日,304
1212,2003年9月3日,638
1213,2003年9月5日,415
1214,2003年9月8日,911
1215,2003年9月10日,979
1216,2003年9月12日,221
1217,2003年9月15日,279
1218,2003年9月17日,933
1219,2003年9月19日,825
1220,2003年9月22日,118
1221,2003年9月24日,496
1222,2003年9月26日,267
1223,2003年9月29日,784
1224,2003年10月1日,495
1225,2003年10月3日,913
1226,2003年10月6日,337
1227,2003年10月8日,953
1228,2003年10月10日,899
1229,2003年10月13日,842
1230,2003年10月15日,274
1231,2003年10月17日,260
1232,2003年10月20日,317
1233,2003年10月22日,738
1234,2003年10月24日,796
1235,2003年10月27日,235
1236,2003年10月29日,885
1237,2003年10月31日,852
1238,2003年11月3日,891
1239,2003年11月5日,348
1240,2003年11月7日,798
1241,2003年11月10日,930
1242,2003年11月12日,175
1243,2003年11月14日,622
1244,2003年11月17日,651
1245,2003年11月19日,704
1246,2003年11月21日,518
1247,2003年11月24日,054
1248,2003年11月26日,504
1249,2003年11月28日,455
1250,2003年12月1日,276
1251,2003年12月3日,106
1252,2003年12月5日,936
1253,2003年12月8日,353
1254,2003年12月10日,058
1255,2003年12月12日,958
1256,2003年12月15日,080
1257,2003年12月17日,239
1258,2003年12月19日,188
1259,2003年12月22日,606
1260,2003年12月24日,021
1261,2003年12月26日,724
1262,2003年12月29日,471
1263,2004年1月5日,491
1264,2004年1月7日,669
1265,2004年1月9日,409
1266,2004年1月12日,884
1267,2004年1月14日,121
1268,2004年1月16日,445
1269,2004年1月19日,136
1270,2004年1月21日,004
1271,2004年1月23日,320
1272,2004年1月26日,068
1273,2004年1月28日,337
1274,2004年1月30日,281
1275,2004年2月2日,427
1276,2004年2月4日,869
1277,2004年2月6日,777
1278,2004年2月9日,465
1279,2004年2月11日,583
1280,2004年2月13日,822
1281,2004年2月16日,040
1282,2004年2月18日,204
1283,2004年2月20日,513
1284,2004年2月23日,990
1285,2004年2月25日,119
1286,2004年2月27日,051
1287,2004年3月1日,745
1288,2004年3月3日,030
1289,2004年3月5日,407
1290,2004年3月8日,162
1291,2004年3月10日,517
1292,2004年3月12日,725
1293,2004年3月15日,000
1294,2004年3月17日,558
1295,2004年3月19日,170
1296,2004年3月22日,893
1297,2004年3月24日,526
1298,2004年3月26日,174
1299,2004年3月29日,211
1300,2004年3月31日,590
1301,2004年4月2日,820
1302,2004年4月5日,189
1303,2004年4月7日,330
1304,2004年4月9日,308
1305,2004年4月12日,936
1306,2004年4月14日,563
1307,2004年4月16日,900
1308,2004年4月19日,733
1309,2004年4月21日,374
1310,2004年4月23日,842
1311,2004年4月26日,922
1312,2004年4月28日,764
1313,2004年4月30日,671
1314,2004年5月3日,653
1315,2004年5月5日,758
1316,2004年5月7日,953
1317,2004年5月10日,737
1318,2004年5月12日,308
1319,2004年5月14日,567
1320,2004年5月17日,452
1321,2004年5月19日,490
1322,2004年5月21日,784
1323,2004年5月24日,302
1324,2004年5月26日,855
1325,2004年5月28日,226
1326,2004年5月31日,673
1327,2004年6月2日,215
1328,2004年6月4日,376
1329,2004年6月7日,554
1330,2004年6月9日,076
1331,2004年6月11日,859
1332,2004年6月14日,978
1333,2004年6月16日,134
1334,2004年6月18日,236
1335,2004年6月21日,462
1336,2004年6月23日,206
1337,2004年6月25日,814
1338,2004年6月28日,837
1339,2004年6月30日,902
1340,2004年7月1日,597
1341,2004年7月2日,670
1342,2004年7月5日,543
1343,2004年7月6日,879
1344,2004年7月7日,342
1345,2004年7月8日,994
1346,2004年7月9日,765
1347,2004年7月12日,018
1348,2004年7月13日,821
1349,2004年7月14日,498
1350,2004年7月15日,632
1351,2004年7月16日,240
1352,2004年7月19日,562
1353,2004年7月20日,931
1354,2004年7月21日,590
1355,2004年7月22日,078
1356,2004年7月23日,998
1357,2004年7月26日,883
1358,2004年7月27日,166
1359,2004年7月28日,973
1360,2004年7月29日,109
1361,2004年7月30日,223
1362,2004年8月2日,286
1363,2004年8月3日,844
1364,2004年8月4日,843
1365,2004年8月5日,970
1366,2004年8月6日,112
1367,2004年8月9日,451
1368,2004年8月10日,480
1369,2004年8月11日,955
1370,2004年8月12日,497
1371,2004年8月13日,822
1372,2004年8月16日,383
1373,2004年8月17日,611
1374,2004年8月18日,005
1375,2004年8月19日,281
1376,2004年8月20日,114
1377,2004年8月23日,066
1378,2004年8月24日,200
1379,2004年8月25日,717
1380,2004年8月26日,983
1381,2004年8月27日,558
1382,2004年8月30日,601
1383,2004年8月31日,512
1384,2004年9月1日,525
1385,2004年9月2日,355
1386,2004年9月3日,489
1387,2004年9月6日,905
1388,2004年9月7日,632
1389,2004年9月8日,463
1390,2004年9月9日,782
1391,2004年9月10日,808
1392,2004年9月13日,921
1393,2004年9月14日,190
1394,2004年9月15日,593
1395,2004年9月16日,234
1396,2004年9月17日,621
1397,2004年9月20日,934
1398,2004年9月21日,812
1399,2004年9月22日,540
1400,2004年9月23日,522
1401,2004年9月24日,206
1402,2004年9月27日,374
1403,2004年9月28日,638
1404,2004年9月29日,804
1405,2004年9月30日,187
1406,2004年10月1日,374
1407,2004年10月4日,835
1408,2004年10月5日,945
1409,2004年10月6日,949
1410,2004年10月7日,391
1411,2004年10月8日,355
1412,2004年10月11日,697
1413,2004年10月12日,620
1414,2004年10月13日,670
1415,2004年10月14日,189
1416,2004年10月15日,266
1417,2004年10月18日,876
1418,2004年10月19日,335
1419,2004年10月20日,064
1420,2004年10月21日,499
1421,2004年10月22日,490
1422,2004年10月25日,945
1423,2004年10月26日,234
1424,2004年10月27日,353
1425,2004年10月28日,660
1426,2004年10月29日,754
1427,2004年11月1日,638
1428,2004年11月2日,699
1429,2004年11月3日,819
1430,2004年11月4日,295
1431,2004年11月5日,742
1432,2004年11月8日,400
1433,2004年11月9日,638
1434,2004年11月10日,299
1435,2004年11月11日,545
1436,2004年11月12日,196
1437,2004年11月15日,667
1438,2004年11月16日,582
1439,2004年11月17日,306
1440,2004年11月18日,684
1441,2004年11月19日,798
1442,2004年11月22日,094
1443,2004年11月23日,701
1444,2004年11月24日,065
1445,2004年11月25日,392
1446,2004年11月26日,588
1447,2004年11月29日,925
1448,2004年11月30日,189
1449,2004年12月1日,940
1450,2004年12月2日,133
1451,2004年12月3日,288
1452,2004年12月6日,301
1453,2004年12月7日,966
1454,2004年12月8日,616
1455,2004年12月9日,363
1456,2004年12月10日,662
1457,2004年12月13日,310
1458,2004年12月14日,609
1459,2004年12月15日,869
1460,2004年12月16日,377
1461,2004年12月17日,279
1462,2004年12月20日,799
1463,2004年12月21日,344
1464,2004年12月22日,082
1465,2004年12月23日,824
1466,2004年12月24日,095
1467,2004年12月27日,625
1468,2004年12月28日,497
1469,2004年12月29日,213
1470,2004年12月30日,815
1471,2005年1月4日,902
1472,2005年1月5日,227
1473,2005年1月6日,429
1474,2005年1月7日,784
1475,2005年1月10日,576
1476,2005年1月11日,055
1477,2005年1月12日,275
1478,2005年1月13日,137
1479,2005年1月14日,536
1480,2005年1月17日,809
1481,2005年1月18日,328
1482,2005年1月19日,423
1483,2005年1月20日,780
1484,2005年1月21日,026
1485,2005年1月24日,369
1486,2005年1月25日,526
1487,2005年1月26日,465
1488,2005年1月27日,968
1489,2005年1月28日,218
1490,2005年1月31日,807
1491,2005年2月1日,287
1492,2005年2月2日,997
1493,2005年2月3日,313
1494,2005年2月4日,800
1495,2005年2月7日,601
1496,2005年2月8日,742
1497,2005年2月9日,738
1498,2005年2月10日,754
1499,2005年2月11日,196
1500,2005年2月14日,453
1501,2005年2月15日,793
1502,2005年2月16日,556
1503,2005年2月17日,533
1504,2005年2月18日,058
1505,2005年2月21日,419
1506,2005年2月22日,063
1507,2005年2月23日,379
1508,2005年2月24日,928
1509,2005年2月25日,613
1510,2005年2月28日,917
1511,2005年3月1日,212
1512,2005年3月2日,887
1513,2005年3月3日,970
1514,2005年3月4日,707
1515,2005年3月7日,412
1516,2005年3月8日,603
1517,2005年3月9日,578
1518,2005年3月10日,266
1519,2005年3月11日,384
1520,2005年3月14日,680
1521,2005年3月15日,087
1522,2005年3月16日,776
1523,2005年3月17日,387
1524,2005年3月18日,319
1525,2005年3月21日,729
1526,2005年3月22日,963
1527,2005年3月23日,751
1528,2005年3月24日,948
1529,2005年3月25日,235
1530,2005年3月28日,686
1531,2005年3月29日,857
1532,2005年3月30日,786
1533,2005年3月31日,716
1534,2005年4月1日,084
1535,2005年4月4日,567
1536,2005年4月5日,414
1537,2005年4月6日,482
1538,2005年4月7日,507
1539,2005年4月8日,215
1540,2005年4月11日,350
1541,2005年4月12日,776
1542,2005年4月13日,043
1543,2005年4月14日,400
1544,2005年4月15日,190
1545,2005年4月18日,629
1546,2005年4月19日,841
1547,2005年4月20日,073
1548,2005年4月21日,942
1549,2005年4月22日,203
1550,2005年4月25日,560
1551,2005年4月26日,788
1552,2005年4月27日,530
1553,2005年4月28日,178
1554,2005年4月29日,589
1555,2005年5月2日,459
1556,2005年5月3日,250
1557,2005年5月4日,222
1558,2005年5月5日,781
1559,2005年5月6日,614
1560,2005年5月9日,973
1561,2005年5月10日,378
1562,2005年5月11日,453
1563,2005年5月12日,542
1564,2005年5月13日,241
1565,2005年5月16日,565
1566,2005年5月17日,182
1567,2005年5月18日,016
1568,2005年5月19日,204
1569,2005年5月20日,529
1570,2005年5月23日,827
1571,2005年5月24日,660
1572,2005年5月25日,597
1573,2005年5月26日,917
1574,2005年5月27日,835
1575,2005年5月30日,659
1576,2005年5月31日,392
1577,2005年6月1日,634
1578,2005年6月2日,363
1579,2005年6月3日,327
1580,2005年6月6日,042
1581,2005年6月7日,100
1582,2005年6月8日,920
1583,2005年6月9日,287
1584,2005年6月10日,217
1585,2005年6月13日,709
1586,2005年6月14日,885
1587,2005年6月15日,368
1588,2005年6月16日,769
1589,2005年6月17日,351
1590,2005年6月20日,097
1591,2005年6月21日,671
1592,2005年6月22日,402
1593,2005年6月23日,378
1594,2005年6月24日,377
1595,2005年6月27日,065
1596,2005年6月28日,095
1597,2005年6月29日,747
1598,2005年6月30日,395
1599,2005年7月1日,332
1600,2005年7月4日,146
1601,2005年7月5日,899
1602,2005年7月6日,885
1603,2005年7月7日,762
1604,2005年7月8日,382
1605,2005年7月11日,964
1606,2005年7月12日,312
1607,2005年7月13日,382
1608,2005年7月14日,318
1609,2005年7月15日,430
1610,2005年7月18日,922
1611,2005年7月19日,441
1612,2005年7月20日,261
1613,2005年7月21日,465
1614,2005年7月22日,861
1615,2005年7月25日,448
1616,2005年7月26日,347
1617,2005年7月27日,726
1618,2005年7月28日,720
1619,2005年7月29日,319
1620,2005年8月1日,424
1621,2005年8月2日,482
1622,2005年8月3日,943
1623,2005年8月4日,934
1624,2005年8月5日,977
1625,2005年8月8日,929
1626,2005年8月9日,168
1627,2005年8月10日,368
1628,2005年8月11日,607
1629,2005年8月12日,660
1630,2005年8月15日,626
1631,2005年8月16日,755
1632,2005年8月17日,486
1633,2005年8月18日,868
1634,2005年8月19日,077
1635,2005年8月22日,509
1636,2005年8月23日,980
1637,2005年8月24日,644
1638,2005年8月25日,451
1639,2005年8月26日,501
1640,2005年8月29日,787
1641,2005年8月30日,439
1642,2005年8月31日,060
1643,2005年9月1日,948
1644,2005年9月2日,917
1645,2005年9月5日,792
1646,2005年9月6日,353
1647,2005年9月7日,057
1648,2005年9月8日,633
1649,2005年9月9日,722
1650,2005年9月12日,775
1651,2005年9月13日,839
1652,2005年9月14日,059
1653,2005年9月15日,975
1654,2005年9月16日,638
1655,2005年9月19日,927
1656,2005年9月20日,784
1657,2005年9月21日,198
1658,2005年9月22日,896
1659,2005年9月23日,823
1660,2005年9月26日,554
1661,2005年9月27日,138
1662,2005年9月28日,783
1663,2005年9月29日,852
1664,2005年9月30日,542
1665,2005年10月3日,571
1666,2005年10月4日,193
1667,2005年10月5日,928
1668,2005年10月6日,616
1669,2005年10月7日,026
1670,2005年10月10日,968
1671,2005年10月11日,175
1672,2005年10月12日,990
1673,2005年10月13日,871
1674,2005年10月14日,673
1675,2005年10月17日,269
1676,2005年10月18日,448
1677,2005年10月19日,288
1678,2005年10月20日,775
1679,2005年10月21日,650
1680,2005年10月24日,832
1681,2005年10月25日,741
1682,2005年10月26日,237
1683,2005年10月27日,797
1684,2005年10月28日,461
1685,2005年10月31日,453
1686,2005年11月1日,015
1687,2005年11月2日,097
1688,2005年11月3日,918
1689,2005年11月4日,357
1690,2005年11月7日,559
1691,2005年11月8日,180
1692,2005年11月9日,538
1693,2005年11月10日,906
1694,2005年11月11日,808
1695,2005年11月14日,639
1696,2005年11月15日,948
1697,2005年11月16日,893
1698,2005年11月17日,533
1699,2005年11月18日,047
1700,2005年11月21日,844
1701,2005年11月22日,678
1702,2005年11月23日,469
1703,2005年11月24日,449
1704,2005年11月25日,924
1705,2005年11月28日,759
1706,2005年11月29日,855
1707,2005年11月30日,104
1708,2005年12月1日,463
1709,2005年12月2日,477
1710,2005年12月5日,692
1711,2005年12月6日,803
1712,2005年12月7日,280
1713,2005年12月8日,101
1714,2005年12月9日,347
1715,2005年12月12日,846
1716,2005年12月13日,792
1717,2005年12月14日,610
1718,2005年12月15日,161
1719,2005年12月16日,257
1720,2005年12月19日,028
1721,2005年12月20日,033
1722,2005年12月21日,863
1723,2005年12月22日,164
1724,2005年12月23日,616
1725,2005年12月26日,916
1726,2005年12月27日,836
1727,2005年12月28日,646
1728,2005年12月29日,908
1729,2005年12月30日,062
1730,2006年1月4日,266
1731,2006年1月5日,998
1732,2006年1月6日,119
1733,2006年1月9日,674
1734,2006年1月10日,897
1735,2006年1月11日,733
1736,2006年1月12日,675
1737,2006年1月13日,433
1738,2006年1月16日,771
1739,2006年1月17日,884
1740,2006年1月18日,801
1741,2006年1月19日,503
1742,2006年1月20日,916
1743,2006年1月23日,846
1744,2006年1月24日,188
1745,2006年1月25日,979
1746,2006年1月26日,293
1747,2006年1月27日,562
1748,2006年1月30日,021
1749,2006年1月31日,696
1750,2006年2月1日,870
1751,2006年2月2日,634
1752,2006年2月3日,092
1753,2006年2月6日,086
1754,2006年2月7日,559
1755,2006年2月8日,571
1756,2006年2月9日,029
1757,2006年2月10日,064
1758,2006年2月13日,148
1759,2006年2月14日,358
1760,2006年2月15日,399
1761,2006年2月16日,901
1762,2006年2月17日,484
1763,2006年2月20日,606
1764,2006年2月21日,433
1765,2006年2月22日,131
1766,2006年2月23日,455
1767,2006年2月24日,965
1768,2006年2月27日,743
1769,2006年2月28日,617
1770,2006年3月1日,755
1771,2006年3月2日,679
1772,2006年3月3日,643
1773,2006年3月6日,032
1774,2006年3月7日,431
1775,2006年3月8日,050
1776,2006年3月9日,259
1777,2006年3月10日,331
1778,2006年3月13日,831
1779,2006年3月14日,321
1780,2006年3月15日,164
1781,2006年3月16日,020
1782,2006年3月17日,435
1783,2006年3月20日,790
1784,2006年3月21日,955
1785,2006年3月22日,645
1786,2006年3月23日,323
1787,2006年3月24日,678
1788,2006年3月27日,740
1789,2006年3月28日,794
1790,2006年3月29日,619
1791,2006年3月30日,853
1792,2006年3月31日,261
1793,2006年4月3日,630
1794,2006年4月4日,028
1795,2006年4月5日,439
1796,2006年4月6日,587
1797,2006年4月7日,829
1798,2006年4月10日,748
1799,2006年4月11日,490
1800,2006年4月12日,483
1801,2006年4月13日,575
1802,2006年4月14日,372
1803,2006年4月17日,575
1804,2006年4月18日,273
1805,2006年4月19日,115
1806,2006年4月20日,872
1807,2006年4月21日,036
1808,2006年4月24日,422
1809,2006年4月25日,913
1810,2006年4月26日,940
1811,2006年4月27日,528
1812,2006年4月28日,326
1813,2006年5月1日,686
1814,2006年5月2日,735
1815,2006年5月3日,049
1816,2006年5月4日,861
1817,2006年5月5日,074
1818,2006年5月8日,387
1819,2006年5月9日,212
1820,2006年5月10日,694
1821,2006年5月11日,994
1822,2006年5月12日,176
1823,2006年5月15日,109
1824,2006年5月16日,423
1825,2006年5月17日,694
1826,2006年5月18日,299
1827,2006年5月19日,908
1828,2006年5月22日,493
1829,2006年5月23日,962
1830,2006年5月24日,287
1831,2006年5月25日,941
1832,2006年5月26日,598
1833,2006年5月29日,873
1834,2006年5月30日,293
1835,2006年5月31日,896
1836,2006年6月1日,792
1837,2006年6月2日,198
1838,2006年6月5日,173
1839,2006年6月6日,850
1840,2006年6月7日,795
1841,2006年6月8日,858
1842,2006年6月9日,640
1843,2006年6月12日,269
1844,2006年6月13日,178
1845,2006年6月14日,333
1846,2006年6月15日,862
1847,2006年6月16日,612
1848,2006年6月19日,696
1849,2006年6月20日,127
1850,2006年6月21日,691
1851,2006年6月22日,150
1852,2006年6月23日,572
1853,2006年6月26日,420
1854,2006年6月27日,980
1855,2006年6月28日,567
1856,2006年6月29日,618
1857,2006年6月30日,218
1858,2006年7月3日,878
1859,2006年7月4日,878
1860,2006年7月5日,117
1861,2006年7月6日,095
1862,2006年7月7日,890
1863,2006年7月10日,236
1864,2006年7月11日,926
1865,2006年7月12日,299
1866,2006年7月13日,675
1867,2006年7月14日,702
1868,2006年7月17日,733
1869,2006年7月18日,544
1870,2006年7月19日,847
1871,2006年7月20日,973
1872,2006年7月21日,496
1873,2006年7月24日,638
1874,2006年7月25日,806
1875,2006年7月26日,666
1876,2006年7月27日,129
1877,2006年7月28日,190
1878,2006年7月31日,141
1879,2006年8月1日,742
1880,2006年8月2日,674
1881,2006年8月3日,558
1882,2006年8月4日,914
1883,2006年8月7日,076
1884,2006年8月8日,528
1885,2006年8月9日,051
1886,2006年8月10日,932
1887,2006年8月11日,172
1888,2006年8月14日,370
1889,2006年8月15日,647
1890,2006年8月16日,269
1891,2006年8月17日,924
1892,2006年8月18日,183
1893,2006年8月21日,856
1894,2006年8月22日,273
1895,2006年8月23日,937
1896,2006年8月24日,656
1897,2006年8月25日,924
1898,2006年8月28日,321
1899,2006年8月29日,374
1900,2006年8月30日,845
1901,2006年8月31日,535
1902,2006年9月1日,899
1903,2006年9月4日,349
1904,2006年9月5日,874
1905,2006年9月6日,104
1906,2006年9月7日,522
1907,2006年9月8日,815
1908,2006年9月11日,892
1909,2006年9月12日,859
1910,2006年9月13日,468
1911,2006年9月14日,062
1912,2006年9月15日,019
1913,2006年9月18日,121
1914,2006年9月19日,955
1915,2006年9月20日,918
1916,2006年9月21日,586
1917,2006年9月22日,875
1918,2006年9月25日,402
1919,2006年9月26日,161
1920,2006年9月27日,898
1921,2006年9月28日,890
1922,2006年9月29日,448
1923,2006年10月2日,633
1924,2006年10月3日,461
1925,2006年10月4日,757
1926,2006年10月5日,924
1927,2006年10月6日,813
1928,2006年10月9日,113
1929,2006年10月10日,874
1930,2006年10月11日,402
1931,2006年10月12日,595
1932,2006年10月13日,887
1933,2006年10月16日,559
1934,2006年10月17日,700
1935,2006年10月18日,236
1936,2006年10月19日,113
1937,2006年10月20日,703
1938,2006年10月23日,243
1939,2006年10月24日,286
1940,2006年10月25日,440
1941,2006年10月26日,483
1942,2006年10月27日,850
1943,2006年10月30日,588
1944,2006年10月31日,121
1945,2006年11月1日,855
1946,2006年11月2日,679
1947,2006年11月3日,303
1948,2006年11月6日,992
1949,2006年11月7日,713
1950,2006年11月8日,630
1951,2006年11月9日,663
1952,2006年11月10日,368
1953,2006年11月13日,972
1954,2006年11月14日,131
1955,2006年11月15日,861
1956,2006年11月16日,432
1957,2006年11月17日,414
1958,2006年11月20日,312
1959,2006年11月21日,192
1960,2006年11月22日,460
1961,2006年11月23日,092
1962,2006年11月24日,395
1963,2006年11月27日,697
1964,2006年11月28日,359
1965,2006年11月29日,042
1966,2006年11月30日,826
1967,2006年12月1日,533
1968,2006年12月4日,407
1969,2006年12月5日,675
1970,2006年12月6日,455
1971,2006年12月7日,198
1972,2006年12月8日,058
1973,2006年12月11日,719
1974,2006年12月12日,692
1975,2006年12月13日,049
1976,2006年12月14日,555
1977,2006年12月15日,536
1978,2006年12月18日,649
1979,2006年12月19日,808
1980,2006年12月20日,652
1981,2006年12月21日,778
1982,2006年12月22日,833
1983,2006年12月25日,218
1984,2006年12月26日,258
1985,2006年12月27日,824
1986,2006年12月28日,129
1987,2006年12月29日,061
1988,2007年1月4日,090
1989,2007年1月5日,942
1990,2007年1月8日,726
1991,2007年1月9日,522
1992,2007年1月10日,949
1993,2007年1月11日,438
1994,2007年1月12日,305
1995,2007年1月15日,847
1996,2007年1月16日,581
1997,2007年1月17日,908
1998,2007年1月18日,580
1999,2007年1月19日,900
2000,2007年1月22日,440
2001,2007年1月23日,325
2002,2007年1月24日,567
2003,2007年1月25日,537
2004,2007年1月26日,810
2005,2007年1月29日,525
2006,2007年1月30日,574
2007,2007年1月31日,311
2008,2007年2月1日,624
2009,2007年2月2日,594
2010,2007年2月5日,412
2011,2007年2月6日,815
2012,2007年2月7日,539
2013,2007年2月8日,874
2014,2007年2月9日,008
2015,2007年2月12日,842
2016,2007年2月13日,268
2017,2007年2月14日,315
2018,2007年2月15日,453
2019,2007年2月16日,519
2020,2007年2月19日,449
2021,2007年2月20日,027
2022,2007年2月21日,240
2023,2007年2月22日,705
2024,2007年2月23日,939
2025,2007年2月26日,964
2026,2007年2月27日,160
2027,2007年2月28日,172
2028,2007年3月1日,378
2029,2007年3月2日,308
2030,2007年3月5日,321
2031,2007年3月6日,477
2032,2007年3月7日,974
2033,2007年3月8日,417
2034,2007年3月9日,938
2035,2007年3月12日,415
2036,2007年3月13日,403
2037,2007年3月14日,971
2038,2007年3月15日,977
2039,2007年3月16日,231
2040,2007年3月19日,732
2041,2007年3月20日,149
2042,2007年3月21日,550
2043,2007年3月22日,334
2044,2007年3月23日,034
2045,2007年3月26日,632
2046,2007年3月27日,707
2047,2007年3月28日,001
2048,2007年3月29日,984
2049,2007年3月30日,771
2050,2007年4月2日,746
2051,2007年4月3日,330
2052,2007年4月4日,121
2053,2007年4月5日,368
2054,2007年4月6日,379
2055,2007年4月9日,266
2056,2007年4月10日,646
2057,2007年4月11日,165
2058,2007年4月12日,715
2059,2007年4月13日,183
2060,2007年4月16日,223
2061,2007年4月17日,974
2062,2007年4月18日,621
2063,2007年4月19日,519
2064,2007年4月20日,926
2065,2007年4月23日,301
2066,2007年4月24日,456
2067,2007年4月25日,123
2068,2007年4月26日,157
2069,2007年4月27日,306
2070,2007年4月30日,701
2071,2007年5月1日,654
2072,2007年5月2日,399
2073,2007年5月3日,231
2074,2007年5月4日,172
2075,2007年5月7日,302
2076,2007年5月8日,827
2077,2007年5月9日,936
2078,2007年5月10日,466
2079,2007年5月11日,725
2080,2007年5月14日,594
2081,2007年5月15日,716
2082,2007年5月16日,178
2083,2007年5月17日,544
2084,2007年5月18日,826
2085,2007年5月21日,522
2086,2007年5月22日,803
2087,2007年5月23日,821
2088,2007年5月24日,407
2089,2007年5月25日,353
2090,2007年5月28日,642
2091,2007年5月29日,428
2092,2007年5月30日,156
2093,2007年5月31日,386
2094,2007年6月1日,392
2095,2007年6月4日,242
2096,2007年6月5日,556
2097,2007年6月6日,045
2098,2007年6月7日,405
2099,2007年6月8日,032
2100,2007年6月11日,642
2101,2007年6月12日,135
2102,2007年6月13日,560
2103,2007年6月14日,989
2104,2007年6月15日,236
2105,2007年6月18日,222
2106,2007年6月19日,584
2107,2007年6月20日,791
2108,2007年6月21日,106
2109,2007年6月22日,757
2110,2007年6月25日,859
2111,2007年6月26日,925
2112,2007年6月27日,482
2113,2007年6月28日,278
2114,2007年6月29日,453
2115,2007年7月2日,447
2116,2007年7月3日,656
2117,2007年7月4日,012
2118,2007年7月5日,055
2119,2007年7月6日,128
2120,2007年7月9日,591
2121,2007年7月10日,170
2122,2007年7月11日,778
2123,2007年7月12日,586
2124,2007年7月13日,867
2125,2007年7月16日,864
2126,2007年7月17日,398
2127,2007年7月18日,752
2128,2007年7月19日,600
2129,2007年7月20日,089
2130,2007年7月23日,857
2131,2007年7月24日,287
2132,2007年7月25日,938
2133,2007年7月26日,818
2134,2007年7月27日,391
2135,2007年7月30日,254
2136,2007年7月31日,971
2137,2007年8月1日,931
2138,2007年8月2日,498
2139,2007年8月3日,509
2140,2007年8月6日,318
2141,2007年8月7日,081
2142,2007年8月8日,112
2143,2007年8月9日,987
2144,2007年8月10日,189
2145,2007年8月13日,700
2146,2007年8月14日,035
2147,2007年8月15日,478
2148,2007年8月16日,822
2149,2007年8月17日,703
2150,2007年8月20日,975
2151,2007年8月21日,912
2152,2007年8月22日,730
2153,2007年8月23日,152
2154,2007年8月24日,830
2155,2007年8月27日,494
2156,2007年8月28日,239
2157,2007年8月29日,678
2158,2007年8月30日,585
2159,2007年8月31日,387
2160,2007年9月3日,353
2161,2007年9月4日,626
2162,2007年9月5日,677
2163,2007年9月6日,571
2164,2007年9月7日,150
2165,2007年9月10日,400
2166,2007年9月11日,092
2167,2007年9月12日,198
2168,2007年9月13日,169
2169,2007年9月14日,618
2170,2007年9月17日,755
2171,2007年9月18日,233
2172,2007年9月19日,673
2173,2007年9月20日,145
2174,2007年9月21日,461
2175,2007年9月24日,938
2176,2007年9月25日,762
2177,2007年9月26日,691
2178,2007年9月27日,842
2179,2007年9月28日,009
2180,2007年10月1日,644
2181,2007年10月2日,809
2182,2007年10月3日,958
2183,2007年10月4日,863
2184,2007年10月5日,236
2185,2007年10月8日,525
2186,2007年10月9日,744
2187,2007年10月10日,884
2188,2007年10月11日,785
2189,2007年10月12日,561
2190,2007年10月15日,278
2191,2007年10月16日,864
2192,2007年10月17日,757
2193,2007年10月18日,832
2194,2007年10月19日,966
2195,2007年10月22日,604
2196,2007年10月23日,171
2197,2007年10月24日,391
2198,2007年10月25日,614
2199,2007年10月26日,685
2200,2007年10月29日,130
2201,2007年10月30日,079
2202,2007年10月31日,675
2203,2007年11月1日,038
2204,2007年11月2日,254
2205,2007年11月5日,018
2206,2007年11月6日,928
2207,2007年11月7日,418
2208,2007年11月8日,955
2209,2007年11月9日,409
2210,2007年11月12日,638
2211,2007年11月13日,334
2212,2007年11月14日,785
2213,2007年11月15日,892
2214,2007年11月16日,679
2215,2007年11月19日,762
2216,2007年11月20日,652
2217,2007年11月21日,145
2218,2007年11月22日,013
2219,2007年11月23日,601
2220,2007年11月26日,781
2221,2007年11月27日,395
2222,2007年11月28日,373
2223,2007年11月29日,361
2224,2007年11月30日,326
2225,2007年12月3日,469
2226,2007年12月4日,517
2227,2007年12月5日,515
2228,2007年12月6日,426
2229,2007年12月7日,306
2230,2007年12月10日,839
2231,2007年12月11日,943
2232,2007年12月12日,580
2233,2007年12月13日,033
2234,2007年12月14日,579
2235,2007年12月17日,888
2236,2007年12月18日,761
2237,2007年12月19日,896
2238,2007年12月20日,538
2239,2007年12月21日,958
2240,2007年12月24日,768
2241,2007年12月25日,294
2242,2007年12月26日,304
2243,2007年12月27日,715
2244,2007年12月28日,182
2245,2008年1月4日,029
2246,2008年1月7日,965
2247,2008年1月8日,682
2248,2008年1月9日,443
2249,2008年1月10日,972
2250,2008年1月11日,900
2251,2008年1月14日,978
2252,2008年1月15日,651
2253,2008年1月16日,178
2254,2008年1月17日,810
2255,2008年1月18日,066
2256,2008年1月21日,875
2257,2008年1月22日,297
2258,2008年1月23日,390
2259,2008年1月24日,018
2260,2008年1月25日,004
2261,2008年1月28日,982
2262,2008年1月29日,488
2263,2008年1月30日,514
2264,2008年1月31日,309
2265,2008年2月1日,170
2266,2008年2月4日,122
2267,2008年2月5日,699
2268,2008年2月6日,745
2269,2008年2月7日,014
2270,2008年2月8日,086
2271,2008年2月11日,014
2272,2008年2月12日,610
2273,2008年2月13日,569
2274,2008年2月14日,705
2275,2008年2月15日,435
2276,2008年2月18日,599
2277,2008年2月19日,802
2278,2008年2月20日,215
2279,2008年2月21日,276
2280,2008年2月22日,175
2281,2008年2月25日,128
2282,2008年2月26日,472
2283,2008年2月27日,348
2284,2008年2月28日,956
2285,2008年2月29日,616
2286,2008年3月3日,648
2287,2008年3月4日,199
2288,2008年3月5日,022
2289,2008年3月6日,858
2290,2008年3月7日,842
2291,2008年3月10日,686
2292,2008年3月11日,685
2293,2008年3月12日,633
2294,2008年3月13日,139
2295,2008年3月14日,317
2296,2008年3月17日,281
2297,2008年3月18日,440
2298,2008年3月19日,240
2299,2008年3月20日,418
2300,2008年3月21日,411
2301,2008年3月24日,048
2302,2008年3月25日,849
2303,2008年3月26日,022
2304,2008年3月27日,631
2305,2008年3月28日,197
2306,2008年3月31日,909
2307,2008年4月1日,401
2308,2008年4月2日,601
2309,2008年4月3日,279
2310,2008年4月4日,889
2311,2008年4月7日,457
2312,2008年4月8日,478
2313,2008年4月9日,412
2314,2008年4月10日,499
2315,2008年4月11日,946
2316,2008年4月14日,422
2317,2008年4月15日,165
2318,2008年4月16日,230
2319,2008年4月17日,237
2320,2008年4月18日,617
2321,2008年4月21日,668
2322,2008年4月22日,679
2323,2008年4月23日,621
2324,2008年4月24日,774
2325,2008年4月25日,117
2326,2008年4月28日,670
2327,2008年4月29日,212
2328,2008年4月30日,724
2329,2008年5月1日,162
2330,2008年5月2日,751
2331,2008年5月5日,779
2332,2008年5月6日,627
2333,2008年5月7日,046
2334,2008年5月8日,276
2335,2008年5月9日,655
2336,2008年5月12日,970
2337,2008年5月13日,907
2338,2008年5月14日,357
2339,2008年5月15日,302
2340,2008年5月16日,119
2341,2008年5月19日,728
2342,2008年5月20日,874
2343,2008年5月21日,950
2344,2008年5月22日,677
2345,2008年5月23日,316
2346,2008年5月26日,613
2347,2008年5月27日,183
2348,2008年5月28日,975
2349,2008年5月29日,842
2350,2008年5月30日,772
2351,2008年6月2日,342
2352,2008年6月3日,041
2353,2008年6月4日,471
2354,2008年6月5日,739
2355,2008年6月6日,453
2356,2008年6月9日,091
2357,2008年6月10日,596
2358,2008年6月11日,704
2359,2008年6月12日,538
2360,2008年6月13日,272
2361,2008年6月16日,474
2362,2008年6月17日,809
2363,2008年6月18日,215
2364,2008年6月19日,401
2365,2008年6月20日,070
2366,2008年6月23日,991
2367,2008年6月24日,777
2368,2008年6月25日,597
2369,2008年6月26日,009
2370,2008年6月27日,816
2371,2008年6月30日,960
2372,2008年7月1日,856
2373,2008年7月2日,703
2374,2008年7月3日,943
2375,2008年7月4日,618
2376,2008年7月7日,271
2377,2008年7月8日,202
2378,2008年7月9日,808
2379,2008年7月10日,200
2380,2008年7月11日,372
2381,2008年7月14日,286
2382,2008年7月15日,141
2383,2008年7月16日,568
2384,2008年7月17日,066
2385,2008年7月18日,733
2386,2008年7月21日,141
2387,2008年7月22日,626
2388,2008年7月23日,475
2389,2008年7月24日,142
2390,2008年7月25日,271
2391,2008年7月28日,900
2392,2008年7月29日,325
2393,2008年7月30日,963
2394,2008年7月31日,008
2395,2008年8月1日,169
2396,2008年8月4日,003
2397,2008年8月5日,531
2398,2008年8月6日,140
2399,2008年8月7日,801
2400,2008年8月8日,703
2401,2008年8月11日,117
2402,2008年8月12日,928
2403,2008年8月13日,750
2404,2008年8月14日,158
2405,2008年8月15日,311
2406,2008年8月18日,247
2407,2008年8月19日,812
2408,2008年8月20日,016
2409,2008年8月21日,677
2410,2008年8月22日,551
2411,2008年8月25日,667
2412,2008年8月26日,725
2413,2008年8月27日,764
2414,2008年8月28日,483
2415,2008年8月29日,734
2416,2008年9月1日,200
2417,2008年9月2日,200
2418,2008年9月3日,425
2419,2008年9月4日,532
2420,2008年9月5日,801
2421,2008年9月8日,148
2422,2008年9月9日,417
2423,2008年9月10日,953
2424,2008年9月11日,718
2425,2008年9月12日,621
2426,2008年9月15日,472
2427,2008年9月16日,232
2428,2008年9月17日,748
2429,2008年9月18日,432
2430,2008年9月19日,314
2431,2008年9月22日,675
2432,2008年9月23日,223
2433,2008年9月24日,440
2434,2008年9月25日,544
2435,2008年9月26日,972
2436,2008年9月29日,321
2437,2008年9月30日,817
2438,2008年10月1日,802
2439,2008年10月2日,157
2440,2008年10月3日,234
2441,2008年10月6日,187
2442,2008年10月7日,591
2443,2008年10月8日,015
2444,2008年10月9日,493
2445,2008年10月10日,410
2446,2008年10月13日,468
2447,2008年10月14日,560
2448,2008年10月15日,950
2449,2008年10月16日,136
2450,2008年10月17日,327
2451,2008年10月20日,618
2452,2008年10月21日,053
2453,2008年10月22日,213
2454,2008年10月23日,562
2455,2008年10月24日,247
2456,2008年10月27日,969
2457,2008年10月28日,625
2458,2008年10月29日,942
2459,2008年10月30日,108
2460,2008年10月31日,449
2461,2008年11月3日,226
2462,2008年11月4日,600
2463,2008年11月5日,089
2464,2008年11月6日,150
2465,2008年11月7日,996
2466,2008年11月10日,634
2467,2008年11月11日,758
2468,2008年11月12日,178
2469,2008年11月13日,868
2470,2008年11月14日,654
2471,2008年11月17日,424
2472,2008年11月18日,862
2473,2008年11月19日,278
2474,2008年11月20日,870
2475,2008年11月21日,933
2476,2008年11月24日,560
2477,2008年11月25日,381
2478,2008年11月26日,425
2479,2008年11月27日,020
2480,2008年11月28日,879
2481,2008年12月1日,908
2482,2008年12月2日,415
2483,2008年12月3日,707
2484,2008年12月4日,082
2485,2008年12月5日,588
2486,2008年12月8日,341
2487,2008年12月9日,260
2488,2008年12月10日,927
2489,2008年12月11日,075
2490,2008年12月12日,308
2491,2008年12月15日,420
2492,2008年12月16日,155
2493,2008年12月17日,640
2494,2008年12月18日,669
2495,2008年12月19日,012
2496,2008年12月22日,514
2497,2008年12月23日,630
2498,2008年12月24日,300
2499,2008年12月25日,817
2500,2008年12月26日,885
2501,2008年12月29日,610
2502,2008年12月30日,654
2503,2009年1月5日,534
2504,2009年1月6日,799
2505,2009年1月7日,797
2506,2009年1月8日,724
2507,2009年1月9日,685
2508,2009年1月12日,328
2509,2009年1月13日,001
2510,2009年1月14日,243
2511,2009年1月15日,715
2512,2009年1月16日,308
2513,2009年1月19日,233
2514,2009年1月20日,776
2515,2009年1月21日,828
2516,2009年1月22日,614
2517,2009年1月23日,593
2518,2009年1月26日,509
2519,2009年1月27日,762
2520,2009年1月28日,826
2521,2009年1月29日,845
2522,2009年1月30日,631
2523,2009年2月2日,412
2524,2009年2月3日,461
2525,2009年2月4日,434
2526,2009年2月5日,573
2527,2009年2月6日,147
2528,2009年2月9日,069
2529,2009年2月10日,320
2530,2009年2月11日,776
2531,2009年2月12日,319
2532,2009年2月13日,031
2533,2009年2月16日,529
2534,2009年2月17日,648
2535,2009年2月18日,134
2536,2009年2月19日,133
2537,2009年2月20日,070
2538,2009年2月23日,484
2539,2009年2月24日,686
2540,2009年2月25日,787
2541,2009年2月26日,788
2542,2009年2月27日,660
2543,2009年3月2日,596
2544,2009年3月3日,403
2545,2009年3月4日,660
2546,2009年3月5日,011
2547,2009年3月6日,992
2548,2009年3月9日,779
2549,2009年3月10日,481
2550,2009年3月11日,814
2551,2009年3月12日,571
2552,2009年3月13日,195
2553,2009年3月16日,404
2554,2009年3月17日,828
2555,2009年3月18日,118
2556,2009年3月19日,586
2557,2009年3月20日,050
2558,2009年3月23日,611
2559,2009年3月24日,445
2560,2009年3月25日,753
2561,2009年3月26日,667
2562,2009年3月27日,117
2563,2009年3月30日,413
2564,2009年3月31日,566
2565,2009年4月1日,597
2566,2009年4月2日,308
2567,2009年4月3日,477
2568,2009年4月6日,890
2569,2009年4月7日,283
2570,2009年4月8日,472
2571,2009年4月9日,169
2572,2009年4月10日,400
2573,2009年4月13日,910
2574,2009年4月14日,396
2575,2009年4月15日,401
2576,2009年4月16日,870
2577,2009年4月17日,925
2578,2009年4月20日,125
2579,2009年4月21日,397
2580,2009年4月22日,315
2581,2009年4月23日,916
2582,2009年4月24日,179
2583,2009年4月27日,938
2584,2009年4月28日,263
2585,2009年4月29日,943
2586,2009年4月30日,124
2587,2009年5月1日,775
2588,2009年5月4日,714
2589,2009年5月5日,967
2590,2009年5月6日,401
2591,2009年5月7日,972
2592,2009年5月8日,183
2593,2009年5月11日,637
2594,2009年5月12日,713
2595,2009年5月13日,117
2596,2009年5月14日,769
2597,2009年5月15日,948
2598,2009年5月18日,854
2599,2009年5月19日,023
2600,2009年5月20日,748
2601,2009年5月21日,125
2602,2009年5月22日,087
2603,2009年5月25日,869
2604,2009年5月26日,870
2605,2009年5月27日,412
2606,2009年5月28日,114
2607,2009年5月29日,227
2608,2009年6月1日,108
2609,2009年6月2日,679
2610,2009年6月3日,643
2611,2009年6月4日,109
2612,2009年6月5日,617
2613,2009年6月8日,831
2614,2009年6月9日,668
2615,2009年6月10日,207
2616,2009年6月11日,047
2617,2009年6月12日,569
2618,2009年6月15日,759
2619,2009年6月16日,613
2620,2009年6月17日,275
2621,2009年6月18日,308
2622,2009年6月19日,354
2623,2009年6月22日,619
2624,2009年6月23日,875
2625,2009年6月24日,996
2626,2009年6月25日,406
2627,2009年6月26日,524
2628,2009年6月29日,209
2629,2009年6月30日,536
2630,2009年7月1日,934
2631,2009年7月2日,066
2632,2009年7月3日,175
2633,2009年7月6日,814
2634,2009年7月7日,548
2635,2009年7月8日,974
2636,2009年7月9日,819
2637,2009年7月10日,818
2638,2009年7月13日,658
2639,2009年7月14日,466
2640,2009年7月15日,183
2641,2009年7月16日,781
2642,2009年7月17日,613
2643,2009年7月20日,381
2644,2009年7月21日,605
2645,2009年7月22日,923
2646,2009年7月23日,422
2647,2009年7月24日,891
2648,2009年7月27日,089
2649,2009年7月28日,195
2650,2009年7月29日,166
2651,2009年7月30日,222
2652,2009年7月31日,236
2653,2009年8月3日,070
2654,2009年8月4日,156
2655,2009年8月5日,809
2656,2009年8月6日,196
2657,2009年8月7日,395
2658,2009年8月10日,878
2659,2009年8月11日,992
2660,2009年8月12日,711
2661,2009年8月13日,733
2662,2009年8月14日,040
2663,2009年8月17日,259
2664,2009年8月18日,382
2665,2009年8月19日,248
2666,2009年8月20日,271
2667,2009年8月21日,376
2668,2009年8月24日,436
2669,2009年8月25日,420
2670,2009年8月26日,824
2671,2009年8月27日,434
2672,2009年8月28日,565
2673,2009年8月31日,935
2674,2009年9月1日,298
2675,2009年9月2日,130
2676,2009年9月3日,805
2677,2009年9月4日,507
2678,2009年9月7日,129
2679,2009年9月8日,833
2680,2009年9月9日,760
2681,2009年9月10日,469
2682,2009年9月11日,977
2683,2009年9月14日,584
2684,2009年9月15日,336
2685,2009年9月16日,624
2686,2009年9月17日,834
2687,2009年9月18日,032
2688,2009年9月21日,799
2689,2009年9月22日,728
2690,2009年9月23日,565
2691,2009年9月24日,446
2692,2009年9月25日,225
2693,2009年9月28日,545
2694,2009年9月29日,076
2695,2009年9月30日,368
2696,2009年10月1日,341
2697,2009年10月2日,684
2698,2009年10月5日,853
2699,2009年10月6日,943
2700,2009年10月7日,280
2701,2009年10月8日,493
2702,2009年10月9日,145
2703,2009年10月12日,721
2704,2009年10月13日,071
2705,2009年10月14日,767
2706,2009年10月15日,951
2707,2009年10月16日,153
2708,2009年10月19日,113
2709,2009年10月20日,493
2710,2009年10月21日,295
2711,2009年10月22日,132
2712,2009年10月23日,659
2713,2009年10月26日,572
2714,2009年10月27日,911
2715,2009年10月28日,709
2716,2009年10月29日,837
2717,2009年10月30日,803
2718,2009年11月2日,024
2719,2009年11月3日,505
2720,2009年11月4日,747
2721,2009年11月5日,414
2722,2009年11月6日,578
2723,2009年11月9日,611
2724,2009年11月10日,309
2725,2009年11月11日,286
2726,2009年11月12日,977
2727,2009年11月13日,864
2728,2009年11月16日,141
2729,2009年11月17日,790
2730,2009年11月18日,184
2731,2009年11月19日,204
2732,2009年11月20日,967
2733,2009年11月23日,887
2734,2009年11月24日,702
2735,2009年11月25日,660
2736,2009年11月26日,973
2737,2009年11月27日,342
2738,2009年11月30日,676
2739,2009年12月1日,502
2740,2009年12月2日,875
2741,2009年12月3日,640
2742,2009年12月4日,606
2743,2009年12月7日,026
2744,2009年12月8日,050
2745,2009年12月9日,385
2746,2009年12月10日,967
2747,2009年12月11日,941
2748,2009年12月14日,476
2749,2009年12月15日,437
2750,2009年12月16日,336
2751,2009年12月17日,200
2752,2009年12月18日,589
2753,2009年12月21日,891
2754,2009年12月22日,551
2755,2009年12月23日,198
2756,2009年12月24日,237
2757,2009年12月25日,756
2758,2009年12月28日,355
2759,2009年12月29日,812
2760,2009年12月30日,552
2761,2010年1月4日,232
2762,2010年1月5日,619
2763,2010年1月6日,112
2764,2010年1月7日,845
2765,2010年1月8日,523
2766,2010年1月11日,032
2767,2010年1月12日,850
2768,2010年1月13日,999
2769,2010年1月14日,900
2770,2010年1月15日,271
2771,2010年1月18日,035
2772,2010年1月19日,579
2773,2010年1月20日,919
2774,2010年1月21日,236
2775,2010年1月22日,258
2776,2010年1月25日,029
2777,2010年1月26日,452
2778,2010年1月27日,227
2779,2010年1月28日,422
2780,2010年1月29日,562
2781,2010年2月1日,351
2782,2010年2月2日,252
2783,2010年2月3日,677
2784,2010年2月4日,829
2785,2010年2月5日,932
2786,2010年2月8日,747
2787,2010年2月9日,350
2788,2010年2月10日,295
2789,2010年2月11日,726
2790,2010年2月12日,959
2791,2010年2月15日,768
2792,2010年2月16日,135
2793,2010年2月17日,071
2794,2010年2月18日,232
2795,2010年2月19日,650
2796,2010年2月22日,738
2797,2010年2月23日,063
2798,2010年2月24日,179
2799,2010年2月25日,389
2800,2010年2月26日,122
2801,2010年3月1日,963
2802,2010年3月2日,856
2803,2010年3月3日,581
2804,2010年3月4日,334
2805,2010年3月5日,066
2806,2010年3月8日,117
2807,2010年3月9日,640
2808,2010年3月10日,848
2809,2010年3月11日,484
2810,2010年3月12日,527
2811,2010年3月15日,157
2812,2010年3月16日,443
2813,2010年3月17日,714
2814,2010年3月18日,921
2815,2010年3月19日,810
2816,2010年3月22日,507
2817,2010年3月23日,999
2818,2010年3月24日,986
2819,2010年3月25日,229
2820,2010年3月26日,860
2821,2010年3月29日,659
2822,2010年3月30日,463
2823,2010年3月31日,698
2824,2010年4月1日,862
2825,2010年4月2日,848
2826,2010年4月5日,258
2827,2010年4月6日,638
2828,2010年4月7日,448
2829,2010年4月8日,643
2830,2010年4月9日,629
2831,2010年4月12日,696
2832,2010年4月13日,354
2833,2010年4月14日,618
2834,2010年4月15日,815
2835,2010年4月16日,558
2836,2010年4月19日,420
2837,2010年4月20日,265
2838,2010年4月21日,304
2839,2010年4月22日,928
2840,2010年4月23日,142
2841,2010年4月26日,954
2842,2010年4月27日,368
2843,2010年4月28日,802
2844,2010年4月29日,371
2845,2010年4月30日,108
2846,2010年5月3日,802
2847,2010年5月4日,916
2848,2010年5月5日,948
2849,2010年5月6日,041
2850,2010年5月7日,752
2851,2010年5月10日,227
2852,2010年5月11日,162
2853,2010年5月12日,093
2854,2010年5月13日,949
2855,2010年5月14日,428
2856,2010年5月17日,427
2857,2010年5月18日,832
2858,2010年5月19日,514
2859,2010年5月20日,919
2860,2010年5月21日,803
2861,2010年5月24日,017
2862,2010年5月25日,786
2863,2010年5月26日,417
2864,2010年5月27日,169
2865,2010年5月28日,589
2866,2010年5月31日,182
2867,2010年6月1日,727
2868,2010年6月2日,520
2869,2010年6月3日,567
2870,2010年6月4日,951
2871,2010年6月7日,895
2872,2010年6月8日,882
2873,2010年6月9日,998
2874,2010年6月10日,328
2875,2010年6月11日,239
2876,2010年6月14日,999
2877,2010年6月15日,313
2878,2010年6月16日,168
2879,2010年6月17日,030
2880,2010年6月18日,027
2881,2010年6月21日,606
2882,2010年6月22日,549
2883,2010年6月23日,091
2884,2010年6月24日,554
2885,2010年6月25日,089
2886,2010年6月28日,505
2887,2010年6月29日,554
2888,2010年6月30日,497
2889,2010年7月1日,104
2890,2010年7月2日,023
2891,2010年7月5日,458
2892,2010年7月6日,274
2893,2010年7月7日,458
2894,2010年7月8日,824
2895,2010年7月9日,287
2896,2010年7月12日,867
2897,2010年7月13日,105
2898,2010年7月14日,890
2899,2010年7月15日,731
2900,2010年7月16日,395
2901,2010年7月19日,523
2902,2010年7月20日,883
2903,2010年7月21日,548
2904,2010年7月22日,223
2905,2010年7月23日,551
2906,2010年7月26日,396
2907,2010年7月27日,216
2908,2010年7月28日,793
2909,2010年7月29日,827
2910,2010年7月30日,990
2911,2010年8月2日,539
2912,2010年8月3日,014
2913,2010年8月4日,828
2914,2010年8月5日,673
2915,2010年8月6日,011
2916,2010年8月9日,076
2917,2010年8月10日,403
2918,2010年8月11日,054
2919,2010年8月12日,607
2920,2010年8月13日,424
2921,2010年8月16日,232
2922,2010年8月17日,193
2923,2010年8月18日,931
2924,2010年8月19日,633
2925,2010年8月20日,092
2926,2010年8月23日,530
2927,2010年8月24日,553
2928,2010年8月25日,371
2929,2010年8月26日,199
2930,2010年8月27日,054
2931,2010年8月30日,296
2932,2010年8月31日,551
2933,2010年9月1日,698
2934,2010年9月2日,496
2935,2010年9月3日,685
2936,2010年9月6日,007
2937,2010年9月7日,736
2938,2010年9月8日,257
2939,2010年9月9日,119
2940,2010年9月10日,221
2941,2010年9月13日,393
2942,2010年9月14日,257
2943,2010年9月15日,884
2944,2010年9月16日,442
2945,2010年9月17日,961
2946,2010年9月20日,475
2947,2010年9月21日,155
2948,2010年9月22日,376
2949,2010年9月23日,663
2950,2010年9月24日,619
2951,2010年9月27日,188
2952,2010年9月28日,072
2953,2010年9月29日,214
2954,2010年9月30日,618
2955,2010年10月1日,433
2956,2010年10月4日,496
2957,2010年10月5日,196
2958,2010年10月6日,296
2959,2010年10月7日,581
2960,2010年10月8日,936
2961,2010年10月11日,870
2962,2010年10月12日,915
2963,2010年10月13日,851
2964,2010年10月14日,722
2965,2010年10月15日,368
2966,2010年10月18日,680
2967,2010年10月19日,435
2968,2010年10月20日,611
2969,2010年10月21日,704
2970,2010年10月22日,932
2971,2010年10月25日,228
2972,2010年10月26日,207
2973,2010年10月27日,227
2974,2010年10月28日,666
2975,2010年10月29日,254
2976,2010年11月1日,204
2977,2010年11月2日,880
2978,2010年11月3日,895
2979,2010年11月4日,624
2980,2010年11月5日,676
2981,2010年11月8日,742
2982,2010年11月9日,503
2983,2010年11月10日,279
2984,2010年11月11日,692
2985,2010年11月12日,719
2986,2010年11月15日,656
2987,2010年11月16日,139
2988,2010年11月17日,703
2989,2010年11月18日,697
2990,2010年11月19日,345
2991,2010年11月22日,272
2992,2010年11月23日,153
2993,2010年11月24日,448
2994,2010年11月25日,731
2995,2010年11月26日,897
2996,2010年11月29日,920
2997,2010年11月30日,852
2998,2010年12月1日,355
2999,2010年12月2日,551
3000,2010年12月3日,206
3001,2010年12月6日,971
3002,2010年12月7日,947
3003,2010年12月8日,583
3004,2010年12月9日,074
3005,2010年12月10日,943
3006,2010年12月13日,180
3007,2010年12月14日,435
3008,2010年12月15日,393
3009,2010年12月16日,665
3010,2010年12月17日,069
3011,2010年12月20日,810
3012,2010年12月21日,554
3013,2010年12月22日,819
3014,2010年12月23日,016
3015,2010年12月24日,157
3016,2010年12月27日,384
3017,2010年12月28日,176
3018,2010年12月29日,749
3019,2010年12月30日,349
3020,2011年1月4日,534
3021,2011年1月5日,692
3022,2011年1月6日,880
3023,2011年1月7日,775
3024,2011年1月10日,975
3025,2011年1月11日,757
3026,2011年1月12日,282
3027,2011年1月13日,798
3028,2011年1月14日,449
3029,2011年1月17日,525
3030,2011年1月18日,691
3031,2011年1月19日,424
3032,2011年1月20日,353
3033,2011年1月21日,923
3034,2011年1月24日,193
3035,2011年1月25日,269
3036,2011年1月26日,099
3037,2011年1月27日,479
3038,2011年1月28日,222
3039,2011年1月31日,819
3040,2011年2月1日,110
3041,2011年2月2日,594
3042,2011年2月3日,327
3043,2011年2月4日,761
3044,2011年2月7日,628
3045,2011年2月8日,166
3046,2011年2月9日,576
3047,2011年2月10日,841
3048,2011年2月11日,946
3049,2011年2月14日,457
3050,2011年2月15日,047
3051,2011年2月16日,205
3052,2011年2月17日,263
3053,2011年2月18日,080
3054,2011年2月21日,008
3055,2011年2月22日,402
3056,2011年2月23日,374
3057,2011年2月24日,004
3058,2011年2月25日,475
3059,2011年2月28日,345
3060,2011年3月1日,082
3061,2011年3月2日,331
3062,2011年3月3日,806
3063,2011年3月4日,545
3064,2011年3月7日,976
3065,2011年3月8日,152
3066,2011年3月9日,215
3067,2011年3月10日,724
3068,2011年3月11日,437
3069,2011年3月14日,635
3070,2011年3月15日,746
3071,2011年3月16日,402
3072,2011年3月17日,557
3073,2011年3月18日,095
3074,2011年3月21日,138
3075,2011年3月22日,318
3076,2011年3月23日,261
3077,2011年3月24日,704
3078,2011年3月25日,298
3079,2011年3月28日,335
3080,2011年3月29日,680
3081,2011年3月30日,352
3082,2011年3月31日,225
3083,2011年4月1日,929
3084,2011年4月4日,643
3085,2011年4月5日,303
3086,2011年4月6日,763
3087,2011年4月7日,360
3088,2011年4月8日,061
3089,2011年4月11日,495
3090,2011年4月12日,657
3091,2011年4月13日,200
3092,2011年4月14日,963
3093,2011年4月15日,788
3094,2011年4月18日,504
3095,2011年4月19日,150
3096,2011年4月20日,929
3097,2011年4月21日,339
3098,2011年4月22日,509
3099,2011年4月25日,657
3100,2011年4月26日,092
3101,2011年4月27日,066
3102,2011年4月28日,024
3103,2011年4月29日,355
3104,2011年5月2日,606
3105,2011年5月3日,192
3106,2011年5月4日,807
3107,2011年5月5日,586
3108,2011年5月6日,500
3109,2011年5月9日,869
3110,2011年5月10日,447
3111,2011年5月11日,671
3112,2011年5月12日,514
3113,2011年5月13日,574
3114,2011年5月16日,705
3115,2011年5月17日,310
3116,2011年5月18日,074
3117,2011年5月19日,674
3118,2011年5月20日,966
3119,2011年5月23日,995
3120,2011年5月24日,362
3121,2011年5月25日,655
3122,2011年5月26日,199
3123,2011年5月27日,359
3124,2011年5月30日,091
3125,2011年5月31日,253
3126,2011年6月1日,082
3127,2011年6月2日,168
3128,2011年6月3日,719
3129,2011年6月6日,580
3130,2011年6月7日,998
3131,2011年6月8日,910
3132,2011年6月9日,600
3133,2011年6月10日,922
3134,2011年6月13日,201
3135,2011年6月14日,655
3136,2011年6月15日,944
3137,2011年6月16日,397
3138,2011年6月17日,005
3139,2011年6月20日,714
3140,2011年6月21日,643
3141,2011年6月22日,324
3142,2011年6月23日,845
3143,2011年6月24日,997
3144,2011年6月27日,674
3145,2011年6月28日,734
3146,2011年6月29日,210
3147,2011年6月30日,825
3148,2011年7月1日,872
3149,2011年7月4日,140
3150,2011年7月5日,833
3151,2011年7月6日,408
3152,2011年7月7日,594
3153,2011年7月8日,827
3154,2011年7月11日,161
3155,2011年7月12日,747
3156,2011年7月13日,366
3157,2011年7月14日,973
3158,2011年7月15日,291
3159,2011年7月18日,988
3160,2011年7月19日,194
3161,2011年7月20日,319
3162,2011年7月21日,534
3163,2011年7月22日,571
3164,2011年7月25日,420
3165,2011年7月26日,954
3166,2011年7月27日,706
3167,2011年7月28日,759
3168,2011年7月29日,622
3169,2011年8月1日,983
3170,2011年8月2日,006
3171,2011年8月3日,981
3172,2011年8月4日,815
3173,2011年8月5日,811
3174,2011年8月8日,449
3175,2011年8月9日,676
3176,2011年8月10日,662
3177,2011年8月11日,376
3178,2011年8月12日,767
3179,2011年8月15日,391
3180,2011年8月16日,293
3181,2011年8月17日,220
3182,2011年8月18日,393
3183,2011年8月19日,508
3184,2011年8月22日,142
3185,2011年8月23日,183
3186,2011年8月24日,863
3187,2011年8月25日,267
3188,2011年8月26日,703
3189,2011年8月29日,922
3190,2011年8月30日,891
3191,2011年8月31日,725
3192,2011年9月1日,469
3193,2011年9月2日,674
3194,2011年9月5日,262
3195,2011年9月6日,464
3196,2011年9月7日,854
3197,2011年9月8日,401
3198,2011年9月9日,007
3199,2011年9月12日,425
3200,2011年9月13日,705
3201,2011年9月14日,286
3202,2011年9月15日,606
3203,2011年9月16日,966
3204,2011年9月19日,203
3205,2011年9月20日,316
3206,2011年9月21日,874
3207,2011年9月22日,251
3208,2011年9月23日,703
3209,2011年9月26日,180
3210,2011年9月27日,679
3211,2011年9月28日,232
3212,2011年9月29日,404
3213,2011年9月30日,978
3214,2011年10月3日,418
3215,2011年10月4日,854
3216,2011年10月5日,256
3217,2011年10月6日,047
3218,2011年10月7日,208
3219,2011年10月10日,393
3220,2011年10月11日,644
3221,2011年10月12日,353
3222,2011年10月13日,589
3223,2011年10月14日,680
3224,2011年10月17日,957
3225,2011年10月18日,082
3226,2011年10月19日,237
3227,2011年10月20日,087
3228,2011年10月21日,859
3229,2011年10月24日,369
3230,2011年10月25日,760
3231,2011年10月26日,877
3232,2011年10月27日,856
3233,2011年10月28日,677
3234,2011年10月31日,488
3235,2011年11月1日,740
3236,2011年11月2日,569
3237,2011年11月3日,750
3238,2011年11月4日,218
3239,2011年11月7日,770
3240,2011年11月8日,711
3241,2011年11月9日,252
3242,2011年11月10日,901
3243,2011年11月11日,798
3244,2011年11月14日,124
3245,2011年11月15日,103
3246,2011年11月16日,213
3247,2011年11月17日,660
3248,2011年11月18日,875
3249,2011年11月21日,984
3250,2011年11月22日,835
3251,2011年11月23日,347
3252,2011年11月24日,642
3253,2011年11月25日,090
3254,2011年11月28日,180
3255,2011年11月29日,861
3256,2011年11月30日,267
3257,2011年12月1日,300
3258,2011年12月2日,883
3259,2011年12月5日,048
3260,2011年12月6日,603
3261,2011年12月7日,318
3262,2011年12月8日,174
3263,2011年12月9日,166
3264,2011年12月12日,188
3265,2011年12月13日,317
3266,2011年12月14日,029
3267,2011年12月15日,409
3268,2011年12月16日,591
3269,2011年12月19日,526
3270,2011年12月20日,853
3271,2011年12月21日,198
3272,2011年12月22日,045
3273,2011年12月23日,427
3274,2011年12月26日,029
3275,2011年12月27日,941
3276,2011年12月28日,228
3277,2011年12月29日,389
3278,2011年12月30日,786
3279,2012年1月4日,416
3280,2012年1月5日,447
3281,2012年1月6日,458
3282,2012年1月9日,965
3283,2012年1月10日,813
3284,2012年1月11日,861
3285,2012年1月12日,552
3286,2012年1月13日,910
3287,2012年1月16日,674
3288,2012年1月17日,398
3289,2012年1月18日,093
3290,2012年1月19日,251
3291,2012年1月20日,556
3292,2012年1月23日,707
3293,2012年1月24日,478
3294,2012年1月25日,017
3295,2012年1月26日,233
3296,2012年1月27日,079
3297,2012年1月30日,181
3298,2012年1月31日,718
3299,2012年2月1日,076
3300,2012年2月2日,782
3301,2012年2月3日,768
3302,2012年2月6日,871
3303,2012年2月7日,933
3304,2012年2月8日,890
3305,2012年2月9日,359
3306,2012年2月10日,005
3307,2012年2月13日,732
3308,2012年2月14日,219
3309,2012年2月15日,059
3310,2012年2月16日,668
3311,2012年2月17日,629
3312,2012年2月20日,563
3313,2012年2月21日,126
3314,2012年2月22日,141
3315,2012年2月23日,366
3316,2012年2月24日,267
3317,2012年2月27日,343
3318,2012年2月28日,490
3319,2012年2月29日,874
3320,2012年3月1日,012
3321,2012年3月2日,007
3322,2012年3月5日,976
3323,2012年3月6日,833
3324,2012年3月7日,017
3325,2012年3月8日,940
3326,2012年3月9日,422
3327,2012年3月12日,771
3328,2012年3月13日,300
3329,2012年3月14日,906
3330,2012年3月15日,552
3331,2012年3月16日,136
3332,2012年3月19日,160
3333,2012年3月20日,800
3334,2012年3月21日,241
3335,2012年3月22日,158
3336,2012年3月23日,228
3337,2012年3月26日,226
3338,2012年3月27日,599
3339,2012年3月28日,124
3340,2012年3月29日,594
3341,2012年3月30日,627
3342,2012年4月2日,860
3343,2012年4月3日,766
3344,2012年4月4日,575
3345,2012年4月5日,895
3346,2012年4月6日,952
3347,2012年4月9日,790
3348,2012年4月10日,284
3349,2012年4月11日,175
3350,2012年4月12日,916
3351,2012年4月13日,098
3352,2012年4月16日,789
3353,2012年4月17日,667
3354,2012年4月18日,105
3355,2012年4月19日,278
3356,2012年4月20日,420
3357,2012年4月23日,451
3358,2012年4月24日,378
3359,2012年4月25日,994
3360,2012年4月26日,322
3361,2012年4月27日,564
3362,2012年4月30日,448
3363,2012年5月1日,905
3364,2012年5月2日,138
3365,2012年5月3日,064
3366,2012年5月4日,409
3367,2012年5月7日,701
3368,2012年5月8日,685
3369,2012年5月9日,214
3370,2012年5月10日,535
3371,2012年5月11日,439
3372,2012年5月14日,301
3373,2012年5月15日,709
3374,2012年5月16日,286
3375,2012年5月17日,885
3376,2012年5月18日,156
3377,2012年5月21日,828
3378,2012年5月22日,768
3379,2012年5月23日,073
3380,2012年5月24日,547
3381,2012年5月25日,262
3382,2012年5月28日,320
3383,2012年5月29日,538
3384,2012年5月30日,038
3385,2012年5月31日,975
3386,2012年6月1日,729
3387,2012年6月4日,221
3388,2012年6月5日,819
3389,2012年6月6日,917
3390,2012年6月7日,197
3391,2012年6月8日,696
3392,2012年6月11日,600
3393,2012年6月12日,098
3394,2012年6月13日,194
3395,2012年6月14日,495
3396,2012年6月15日,051
3397,2012年6月18日,826
3398,2012年6月19日,137
3399,2012年6月20日,486
3400,2012年6月21日,714
3401,2012年6月22日,811
3402,2012年6月25日,523
3403,2012年6月26日,357
3404,2012年6月27日,884
3405,2012年6月28日,819
3406,2012年6月29日,410
3407,2012年7月2日,835
3408,2012年7月3日,077
3409,2012年7月4日,851
3410,2012年7月5日,550
3411,2012年7月6日,148
3412,2012年7月9日,092
3413,2012年7月10日,738
3414,2012年7月11日,034
3415,2012年7月12日,612
3416,2012年7月13日,680
3417,2012年7月16日,047
3418,2012年7月17日,544
3419,2012年7月18日,825
3420,2012年7月19日,377
3421,2012年7月20日,515
3422,2012年7月23日,615
3423,2012年7月24日,059
3424,2012年7月25日,899
3425,2012年7月26日,506
3426,2012年7月27日,726
3427,2012年7月30日,486
3428,2012年7月31日,916
3429,2012年8月1日,568
3430,2012年8月2日,261
3431,2012年8月3日,360
3432,2012年8月6日,055
3433,2012年8月7日,788
3434,2012年8月8日,121
3435,2012年8月9日,343
3436,2012年8月10日,090
3437,2012年8月13日,302
3438,2012年8月14日,333
3439,2012年8月15日,430
3440,2012年8月16日,979
3441,2012年8月17日,911
3442,2012年8月20日,689
3443,2012年8月21日,656
3444,2012年8月22日,810
3445,2012年8月23日,514
3446,2012年8月24日,537
3447,2012年8月27日,099
3448,2012年8月28日,282
3449,2012年8月29日,887
3450,2012年8月30日,526
3451,2012年8月31日,310
3452,2012年9月3日,458
3453,2012年9月4日,357
3454,2012年9月5日,748
3455,2012年9月6日,988
3456,2012年9月7日,926
3457,2012年9月10日,351
3458,2012年9月11日,185
3459,2012年9月12日,441
3460,2012年9月13日,124
3461,2012年9月14日,445
3462,2012年9月17日,784
3463,2012年9月18日,731
3464,2012年9月19日,728
3465,2012年9月20日,049
3466,2012年9月21日,059
3467,2012年9月24日,715
3468,2012年9月25日,100
3469,2012年9月26日,466
3470,2012年9月27日,660
3471,2012年9月28日,928
3472,2012年10月1日,274
3473,2012年10月2日,298
3474,2012年10月3日,498
3475,2012年10月4日,116
3476,2012年10月5日,851
3477,2012年10月8日,782
3478,2012年10月9日,144
3479,2012年10月10日,042
3480,2012年10月11日,612
3481,2012年10月12日,472
3482,2012年10月15日,063
3483,2012年10月16日,236
3484,2012年10月17日,033
3485,2012年10月18日,662
3486,2012年10月19日,320
3487,2012年10月22日,714
3488,2012年10月23日,240
3489,2012年10月24日,341
3490,2012年10月25日,837
3491,2012年10月26日,697
3492,2012年10月29日,480
3493,2012年10月30日,804
3494,2012年10月31日,264
3495,2012年11月1日,778
3496,2012年11月2日,561
3497,2012年11月5日,620
3498,2012年11月6日,044
3499,2012年11月7日,085
3500,2012年11月8日,966
3501,2012年11月9日,666
3502,2012年11月12日,781
3503,2012年11月13日,019
3504,2012年11月14日,605
3505,2012年11月15日,495
3506,2012年11月16日,464
3507,2012年11月19日,713
3508,2012年11月20日,776
3509,2012年11月21日,872
3510,2012年11月22日,307
3511,2012年11月23日,369
3512,2012年11月26日,204
3513,2012年11月27日,660
3514,2012年11月28日,195
3515,2012年11月29日,950
3516,2012年11月30日,943
3517,2012年12月3日,217
3518,2012年12月4日,798
3519,2012年12月5日,793
3520,2012年12月6日,931
3521,2012年12月7日,167
3522,2012年12月10日,540
3523,2012年12月11日,776
3524,2012年12月12日,249
3525,2012年12月13日,374
3526,2012年12月14日,282
3527,2012年12月17日,141
3528,2012年12月18日,199
3529,2012年12月19日,036
3530,2012年12月20日,619
3531,2012年12月21日,273
3532,2012年12月24日,579
3533,2012年12月25日,296
3534,2012年12月26日,426
3535,2012年12月27日,836
3536,2012年12月28日,889
3537,2013年1月4日,609
3538,2013年1月7日,778
3539,2013年1月8日,877
3540,2013年1月9日,239
3541,2013年1月10日,240
3542,2013年1月11日,044
3543,2013年1月14日,238
3544,2013年1月15日,447
3545,2013年1月16日,663
3546,2013年1月17日,433
3547,2013年1月18日,228
3548,2013年1月21日,871
3549,2013年1月22日,068
3550,2013年1月23日,352
3551,2013年1月24日,794
3552,2013年1月25日,272
3553,2013年1月28日,481
3554,2013年1月29日,533
3555,2013年1月30日,015
3556,2013年1月31日,158
3557,2013年2月1日,844
3558,2013年2月4日,258
3559,2013年2月5日,300
3560,2013年2月6日,068
3561,2013年2月7日,252
3562,2013年2月8日,199
3563,2013年2月11日,481
3564,2013年2月12日,731
3565,2013年2月13日,381
3566,2013年2月14日,507
3567,2013年2月15日,574
3568,2013年2月18日,972
3569,2013年2月19日,139
3570,2013年2月20日,230
3571,2013年2月21日,396
3572,2013年2月22日,728
3573,2013年2月25日,751
3574,2013年2月26日,199
3575,2013年2月27日,181
3576,2013年2月28日,717
3577,2013年3月1日,837
3578,2013年3月4日,723
3579,2013年3月5日,797
3580,2013年3月6日,473
3581,2013年3月7日,158
3582,2013年3月8日,168
3583,2013年3月11日,898
3584,2013年3月12日,986
3585,2013年3月13日,980
3586,2013年3月14日,528
3587,2013年3月15日,888
3588,2013年3月18日,369
3589,2013年3月19日,349
3590,2013年3月20日,333
3591,2013年3月21日,735
3592,2013年3月22日,448
3593,2013年3月25日,291
3594,2013年3月26日,782
3595,2013年3月27日,538
3596,2013年3月28日,510
3597,2013年3月29日,259
3598,2013年4月1日,044
3599,2013年4月2日,344
3600,2013年4月3日,893
3601,2013年4月4日,422
3602,2013年4月5日,318
3603,2013年4月8日,233
3604,2013年4月9日,582
3605,2013年4月10日,045
3606,2013年4月11日,102
3607,2013年4月12日,318
3608,2013年4月15日,760
3609,2013年4月16日,210
3610,2013年4月17日,114
3611,2013年4月18日,044
3612,2013年4月19日,003
3613,2013年4月22日,947
3614,2013年4月23日,715
3615,2013年4月24日,722
3616,2013年4月25日,294
3617,2013年4月26日,921
3618,2013年4月29日,693
3619,2013年4月30日,706
3620,2013年5月1日,104
3621,2013年5月2日,832
3622,2013年5月3日,714
3623,2013年5月6日,160
3624,2013年5月7日,570
3625,2013年5月8日,407
3626,2013年5月9日,314
3627,2013年5月10日,034
3628,2013年5月13日,488
3629,2013年5月14日,164
3630,2013年5月15日,531
3631,2013年5月16日,318
3632,2013年5月17日,165
3633,2013年5月20日,963
3634,2013年5月21日,444
3635,2013年5月22日,244
3636,2013年5月23日,899
3637,2013年5月24日,456
3638,2013年5月27日,345
3639,2013年5月28日,819
3640,2013年5月29日,980
3641,2013年5月30日,041
3642,2013年5月31日,953
3643,2013年6月3日,723
3644,2013年6月4日,611
3645,2013年6月5日,143
3646,2013年6月6日,292
3647,2013年6月7日,004
3648,2013年6月10日,497
3649,2013年6月11日,137
3650,2013年6月12日,378
3651,2013年6月13日,165
3652,2013年6月14日,477
3653,2013年6月17日,883
3654,2013年6月18日,481
3655,2013年6月19日,238
3656,2013年6月20日,031
3657,2013年6月21日,527
3658,2013年6月24日,068
3659,2013年6月25日,032
3660,2013年6月26日,314
3661,2013年6月27日,725
3662,2013年6月28日,848
3663,2013年7月1日,790
3664,2013年7月2日,307
3665,2013年7月3日,587
3666,2013年7月4日,812
3667,2013年7月5日,676
3668,2013年7月8日,551
3669,2013年7月9日,082
3670,2013年7月10日,343
3671,2013年7月11日,820
3672,2013年7月12日,456
3673,2013年7月15日,940
3674,2013年7月16日,950
3675,2013年7月17日,044
3676,2013年7月18日,195
3677,2013年7月19日,235
3678,2013年7月22日,342
3679,2013年7月23日,293
3680,2013年7月24日,346
3681,2013年7月25日,740
3682,2013年7月26日,501
3683,2013年7月29日,333
3684,2013年7月30日,254
3685,2013年7月31日,757
3686,2013年8月1日,811
3687,2013年8月2日,914
3688,2013年8月5日,257
3689,2013年8月6日,497
3690,2013年8月7日,017
3691,2013年8月8日,283
3692,2013年8月9日,917
3693,2013年8月12日,234
3694,2013年8月13日,078
3695,2013年8月14日,155
3696,2013年8月15日,801
3697,2013年8月16日,900
3698,2013年8月19日,155
3699,2013年8月20日,317
3700,2013年8月21日,710
3701,2013年8月22日,850
3702,2013年8月23日,294
3703,2013年8月26日,893
3704,2013年8月27日,682
3705,2013年8月28日,793
3706,2013年8月29日,351
3707,2013年8月30日,311
3708,2013年9月2日,501
3709,2013年9月3日,204
3710,2013年9月4日,975
3711,2013年9月5日,536
3712,2013年9月6日,791
3713,2013年9月9日,547
3714,2013年9月10日,300
3715,2013年9月11日,192
3716,2013年9月12日,537
3717,2013年9月13日,511
3718,2013年9月16日,137
3719,2013年9月17日,760
3720,2013年9月18日,595
3721,2013年9月19日,789
3722,2013年9月20日,039
3723,2013年9月23日,389
3724,2013年9月24日,613
3725,2013年9月25日,825
3726,2013年9月26日,236
3727,2013年9月27日,895
3728,2013年9月30日,817
3729,2013年10月1日,113
3730,2013年10月2日,021
3731,2013年10月3日,996
3732,2013年10月4日,865
3733,2013年10月7日,694
3734,2013年10月8日,708
3735,2013年10月9日,451
3736,2013年10月10日,110
3737,2013年10月11日,484
3738,2013年10月14日,572
3739,2013年10月15日,355
3740,2013年10月16日,249
3741,2013年10月17日,896
3742,2013年10月18日,139
3743,2013年10月21日,077
3744,2013年10月22日,503
3745,2013年10月23日,907
3746,2013年10月24日,306
3747,2013年10月25日,693
3748,2013年10月28日,454
3749,2013年10月29日,140
3750,2013年10月30日,348
3751,2013年10月31日,052
3752,2013年11月1日,535
3753,2013年11月4日,952
3754,2013年11月5日,650
3755,2013年11月6日,524
3756,2013年11月7日,694
3757,2013年11月8日,380
3758,2013年11月11日,885
3759,2013年11月12日,470
3760,2013年11月13日,910
3761,2013年11月14日,014
3762,2013年11月15日,638
3763,2013年11月18日,439
3764,2013年11月19日,484
3765,2013年11月20日,721
3766,2013年11月21日,922
3767,2013年11月22日,983
3768,2013年11月25日,081
3769,2013年11月26日,975
3770,2013年11月27日,724
3771,2013年11月28日,244
3772,2013年11月29日,842
3773,2013年12月2日,421
3774,2013年12月3日,752
3775,2013年12月4日,928
3776,2013年12月5日,674
3777,2013年12月6日,443
3778,2013年12月9日,542
3779,2013年12月10日,023
3780,2013年12月11日,622
3781,2013年12月12日,372
3782,2013年12月13日,186
3783,2013年12月16日,515
3784,2013年12月17日,576
3785,2013年12月18日,107
3786,2013年12月19日,540
3787,2013年12月20日,879
3788,2013年12月23日,997
3789,2013年12月24日,456
3790,2013年12月25日,271
3791,2013年12月26日,672
3792,2013年12月27日,127
3793,2013年12月30日,549
3794,2014年1月6日,098
3795,2014年1月7日,578
3796,2014年1月8日,721
3797,2014年1月9日,613
3798,2014年1月10日,005
3799,2014年1月13日,136
3800,2014年1月14日,560
3801,2014年1月15日,506
3802,2014年1月16日,641
3803,2014年1月17日,720
3804,2014年1月20日,921
3805,2014年1月21日,119
3806,2014年1月22日,154
3807,2014年1月23日,314
3808,2014年1月24日,311
3809,2014年1月27日,138
3810,2014年1月28日,369
3811,2014年1月29日,070
3812,2014年1月30日,327
3813,2014年1月31日,729
3814,2014年2月3日,044
3815,2014年2月4日,861
3816,2014年2月5日,200
3817,2014年2月6日,095
3818,2014年2月7日,264
3819,2014年2月10日,423
3820,2014年2月11日,343
3821,2014年2月12日,951
3822,2014年2月13日,805
3823,2014年2月14日,709
3824,2014年2月17日,271
3825,2014年2月18日,687
3826,2014年2月19日,722
3827,2014年2月20日,099
3828,2014年2月21日,172
3829,2014年2月24日,287
3830,2014年2月25日,061
3831,2014年2月26日,272
3832,2014年2月27日,171
3833,2014年2月28日,101
3834,2014年3月3日,992
3835,2014年3月4日,834
3836,2014年3月5日,624
3837,2014年3月6日,087
3838,2014年3月7日,169
3839,2014年3月10日,975
3840,2014年3月11日,661
3841,2014年3月12日,558
3842,2014年3月13日,619
3843,2014年3月14日,784
3844,2014年3月17日,198
3845,2014年3月18日,729
3846,2014年3月19日,045
3847,2014年3月20日,608
3848,2014年3月21日,787
3849,2014年3月24日,263
3850,2014年3月25日,636
3851,2014年3月26日,710
3852,2014年3月27日,841
3853,2014年3月28日,643
3854,2014年3月31日,098
3855,2014年4月1日,108
3856,2014年4月2日,606
3857,2014年4月3日,858
3858,2014年4月4日,740
3859,2014年4月7日,942
3860,2014年4月8日,701
3861,2014年4月9日,295
3862,2014年4月10日,808
3863,2014年4月11日,135
3864,2014年4月14日,123
3865,2014年4月15日,160
3866,2014年4月16日,637
3867,2014年4月17日,493
3868,2014年4月18日,725
3869,2014年4月21日,017
3870,2014年4月22日,290
3871,2014年4月23日,951
3872,2014年4月24日,809
3873,2014年4月25日,589
3874,2014年4月28日,442
3875,2014年4月29日,199
3876,2014年4月30日,495
3877,2014年5月1日,808
3878,2014年5月2日,336
3879,2014年5月5日,994
3880,2014年5月6日,806
3881,2014年5月7日,297
3882,2014年5月8日,353
3883,2014年5月9日,154
3884,2014年5月12日,367
3885,2014年5月13日,934
3886,2014年5月14日,463
3887,2014年5月15日,153
3888,2014年5月16日,065
3889,2014年5月19日,836
3890,2014年5月20日,281
3891,2014年5月21日,746
3892,2014年5月22日,433
3893,2014年5月23日,034
3894,2014年5月26日,086
3895,2014年5月27日,845
3896,2014年5月28日,474
3897,2014年5月29日,761
3898,2014年5月30日,839
3899,2014年6月2日,468
3900,2014年6月3日,327
3901,2014年6月4日,769
3902,2014年6月5日,790
3903,2014年6月6日,928
3904,2014年6月9日,620
3905,2014年6月10日,431
3906,2014年6月11日,334
3907,2014年6月12日,429
3908,2014年6月13日,690
3909,2014年6月16日,797
3910,2014年6月17日,226
3911,2014年6月18日,084
3912,2014年6月19日,568
3913,2014年6月20日,644
3914,2014年6月23日,338
3915,2014年6月24日,955
3916,2014年6月25日,732
3917,2014年6月26日,101
3918,2014年6月27日,785
3919,2014年6月30日,092
3920,2014年7月1日,571
3921,2014年7月2日,953
3922,2014年7月3日,307
3923,2014年7月4日,583
3924,2014年7月7日,076
3925,2014年7月8日,856
3926,2014年7月9日,389
3927,2014年7月10日,647
3928,2014年7月11日,398
3929,2014年7月14日,061
3930,2014年7月15日,495
3931,2014年7月16日,239
3932,2014年7月17日,621
3933,2014年7月18日,790
3934,2014年7月21日,954
3935,2014年7月22日,197
3936,2014年7月23日,059
3937,2014年7月24日,070
3938,2014年7月25日,498
3939,2014年7月28日,190
3940,2014年7月29日,234
3941,2014年7月30日,392
3942,2014年7月31日,649
3943,2014年8月1日,940
3944,2014年8月4日,764
3945,2014年8月5日,955
3946,2014年8月6日,933
3947,2014年8月7日,857
3948,2014年8月8日,031
3949,2014年8月11日,793
3950,2014年8月12日,448
3951,2014年8月13日,528
3952,2014年8月14日,371
3953,2014年8月15日,122
3954,2014年8月18日,425
3955,2014年8月19日,701
3956,2014年8月20日,852
3957,2014年8月21日,059
3958,2014年8月22日,685
3959,2014年8月25日,105
3960,2014年8月26日,958
3961,2014年8月27日,314
3962,2014年8月28日,376
3963,2014年8月29日,653
3964,2014年9月1日,151
3965,2014年9月2日,721
3966,2014年9月3日,058
3967,2014年9月4日,586
3968,2014年9月5日,621
3969,2014年9月8日,802
3970,2014年9月9日,983
3971,2014年9月10日,816
3972,2014年9月11日,644
3973,2014年9月12日,249
3974,2014年9月15日,509
3975,2014年9月16日,289
3976,2014年9月17日,927
3977,2014年9月18日,498
3978,2014年9月19日,181
3979,2014年9月22日,174
3980,2014年9月23日,468
3981,2014年9月24日,697
3982,2014年9月25日,113
3983,2014年9月26日,517
3984,2014年9月29日,786
3985,2014年9月30日,066
3986,2014年10月1日,354
3987,2014年10月2日,045
3988,2014年10月3日,745
3989,2014年10月6日,065
3990,2014年10月7日,890
3991,2014年10月8日,148
3992,2014年10月9日,178
3993,2014年10月10日,782
3994,2014年10月13日,509
3995,2014年10月14日,369
3996,2014年10月15日,893
3997,2014年10月16日,963
3998,2014年10月17日,908
3999,2014年10月20日,717
4000,2014年10月21日,404
4001,2014年10月22日,373
4002,2014年10月23日,336
4003,2014年10月24日,799
4004,2014年10月27日,444
4005,2014年10月28日,260
4006,2014年10月29日,009
4007,2014年10月30日,274
4008,2014年10月31日,885
4009,2014年11月3日,040
4010,2014年11月4日,832
4011,2014年11月5日,861
4012,2014年11月6日,551
4013,2014年11月7日,866
4014,2014年11月10日,611
4015,2014年11月11日,181
4016,2014年11月12日,112
4017,2014年11月13日,277
4018,2014年11月14日,194
4019,2014年11月17日,335
4020,2014年11月18日,618
4021,2014年11月19日,095
4022,2014年11月20日,536
4023,2014年11月21日,426
4024,2014年11月24日,000
4025,2014年11月25日,303
4026,2014年11月26日,372
4027,2014年11月27日,384
4028,2014年11月28日,990
4029,2014年12月1日,913
4030,2014年12月2日,725
4031,2014年12月3日,076
4032,2014年12月4日,916
4033,2014年12月5日,384
4034,2014年12月8日,900
4035,2014年12月9日,312
4036,2014年12月10日,501
4037,2014年12月11日,840
4038,2014年12月12日,410
4039,2014年12月15日,511
4040,2014年12月16日,889
4041,2014年12月17日,235
4042,2014年12月18日,983
4043,2014年12月19日,929
4044,2014年12月22日,853
4045,2014年12月23日,330
4046,2014年12月24日,516
4047,2014年12月25日,728
4048,2014年12月26日,167
4049,2014年12月29日,537
4050,2014年12月30日,642
4051,2015年1月5日,025
4052,2015年1月6日,202
4053,2015年1月7日,826
4054,2015年1月8日,211
4055,2015年1月9日,031
4056,2015年1月12日,763
4057,2015年1月13日,836
4058,2015年1月14日,271
4059,2015年1月15日,765
4060,2015年1月16日,048
4061,2015年1月19日,222
4062,2015年1月20日,597
4063,2015年1月21日,772
4064,2015年1月22日,849
4065,2015年1月23日,432
4066,2015年1月26日,996
4067,2015年1月27日,722
4068,2015年1月28日,740
4069,2015年1月29日,809
4070,2015年1月30日,355
4071,2015年2月2日,192
4072,2015年2月3日,250
4073,2015年2月4日,365
4074,2015年2月5日,690
4075,2015年2月6日,201
4076,2015年2月9日,377
4077,2015年2月10日,583
4078,2015年2月11日,266
4079,2015年2月12日,349
4080,2015年2月13日,539
4081,2015年2月16日,202
4082,2015年2月17日,845
4083,2015年2月18日,682
4084,2015年2月19日,521
4085,2015年2月20日,829
4086,2015年2月23日,618
4087,2015年2月24日,904
4088,2015年2月25日,824
4089,2015年2月26日,574
4090,2015年2月27日,311
4091,2015年3月2日,161
4092,2015年3月3日,462
4093,2015年3月4日,227
4094,2015年3月5日,751
4095,2015年3月6日,526
4096,2015年3月9日,862
4097,2015年3月10日,100
4098,2015年3月11日,623
4099,2015年3月12日,553
4100,2015年3月13日,302
4101,2015年3月16日,813
4102,2015年3月17日,607
4103,2015年3月18日,944
4104,2015年3月19日,339
4105,2015年3月20日,663
4106,2015年3月23日,011
4107,2015年3月24日,245
4108,2015年3月25日,427
4109,2015年3月26日,908
4110,2015年3月27日,928
4111,2015年3月30日,187
4112,2015年3月31日,007
4113,2015年4月1日,336
4114,2015年4月2日,677
4115,2015年4月3日,845
4116,2015年4月6日,159
4117,2015年4月7日,589
4118,2015年4月8日,521
4119,2015年4月9日,988
4120,2015年4月10日,658
4121,2015年4月13日,507
4122,2015年4月14日,986
4123,2015年4月15日,675
4124,2015年4月16日,009
4125,2015年4月17日,348
4126,2015年4月20日,164
4127,2015年4月21日,222
4128,2015年4月22日,220
4129,2015年4月23日,081
4130,2015年4月24日,153
4131,2015年4月27日,190
4132,2015年4月28日,450
4133,2015年4月29日,899
4134,2015年4月30日,242
4135,2015年5月1日,897
4136,2015年5月4日,636
4137,2015年5月5日,856
4138,2015年5月6日,906
4139,2015年5月7日,905
4140,2015年5月8日,440
4141,2015年5月11日,356
4142,2015年5月12日,800
4143,2015年5月13日,595
4144,2015年5月14日,361
4145,2015年5月15日,735
4146,2015年5月18日,991
4147,2015年5月19日,433
4148,2015年5月20日,576
4149,2015年5月21日,934
4150,2015年5月22日,977
4151,2015年5月25日,362
4152,2015年5月26日,166
4153,2015年5月27日,309
4154,2015年5月28日,384
4155,2015年5月29日,778
4156,2015年6月1日,465
4157,2015年6月2日,641
4158,2015年6月3日,537
4159,2015年6月4日,858
4160,2015年6月5日,191
4161,2015年6月8日,081
4162,2015年6月9日,240
4163,2015年6月10日,455
4164,2015年6月11日,402
4165,2015年6月12日,549
4166,2015年6月15日,690
4167,2015年6月16日,589
4168,2015年6月17日,451
4169,2015年6月18日,313
4170,2015年6月19日,258
4171,2015年6月22日,880
4172,2015年6月23日,454
4173,2015年6月24日,691
4174,2015年6月25日,885
4175,2015年6月26日,086
4176,2015年6月29日,319
4177,2015年6月30日,686
4178,2015年7月1日,470
4179,2015年7月2日,516
4180,2015年7月3日,447
4181,2015年7月6日,174
4182,2015年7月7日,097
4183,2015年7月8日,583
4184,2015年7月9日,590
4185,2015年7月10日,818
4186,2015年7月13日,721
4187,2015年7月14日,279
4188,2015年7月15日,023
4189,2015年7月16日,334
4190,2015年7月17日,598
4191,2015年7月20日,844
4192,2015年7月21日,895
4193,2015年7月22日,013
4194,2015年7月23日,300
4195,2015年7月24日,468
4196,2015年7月27日,287
4197,2015年7月28日,080
4198,2015年7月29日,461
4199,2015年7月30日,409
4200,2015年7月31日,004
4201,2015年8月3日,336
4202,2015年8月4日,907
4203,2015年8月5日,275
4204,2015年8月6日,426
4205,2015年8月7日,802
4206,2015年8月10日,567
4207,2015年8月11日,419
4208,2015年8月12日,119
4209,2015年8月13日,809
4210,2015年8月14日,859
4211,2015年8月17日,507
4212,2015年8月18日,978
4213,2015年8月19日,580
4214,2015年8月20日,214
4215,2015年8月21日,372
4216,2015年8月24日,315
4217,2015年8月25日,282
4218,2015年8月26日,920
4219,2015年8月27日,778
4220,2015年8月28日,169
4221,2015年8月31日,763
4222,2015年9月1日,104
4223,2015年9月2日,787
4224,2015年9月3日,890
4225,2015年9月4日,489
4226,2015年9月7日,678
4227,2015年9月8日,423
4228,2015年9月9日,896
4229,2015年9月10日,468
4230,2015年9月11日,549
4231,2015年9月14日,820
4232,2015年9月15日,759
4233,2015年9月16日,117
4234,2015年9月17日,306
4235,2015年9月18日,302
4236,2015年9月21日,243
4237,2015年9月22日,264
4238,2015年9月23日,144
4239,2015年9月24日,924
4240,2015年9月25日,792
4241,2015年9月28日,191
4242,2015年9月29日,166
4243,2015年9月30日,945
4244,2015年10月1日,203
4245,2015年10月2日,468
4246,2015年10月5日,173
4247,2015年10月6日,524
4248,2015年10月7日,425
4249,2015年10月8日,321
4250,2015年10月9日,658
4251,2015年10月12日,185
4252,2015年10月13日,418
4253,2015年10月14日,119
4254,2015年10月15日,288
4255,2015年10月16日,503
4256,2015年10月19日,363
4257,2015年10月20日,504
4258,2015年10月21日,458
4259,2015年10月22日,396
4260,2015年10月23日,686
4261,2015年10月26日,370
4262,2015年10月27日,906
4263,2015年10月28日,049
4264,2015年10月29日,118
4265,2015年10月30日,394
4266,2015年11月2日,675
4267,2015年11月3日,230
4268,2015年11月4日,675
4269,2015年11月5日,715
4270,2015年11月6日,220
4271,2015年11月9日,708
4272,2015年11月10日,945
4273,2015年11月11日,493
4274,2015年11月12日,711
4275,2015年11月13日,050
4276,2015年11月16日,305
4277,2015年11月17日,757
4278,2015年11月18日,414
4279,2015年11月19日,161
4280,2015年11月20日,851
4281,2015年11月23日,359
4282,2015年11月24日,691
4283,2015年11月25日,748
4284,2015年11月26日,895
4285,2015年11月27日,372
4286,2015年11月30日,547
4287,2015年12月1日,784
4288,2015年12月2日,999
4289,2015年12月3日,422
4290,2015年12月4日,192
4291,2015年12月7日,429
4292,2015年12月8日,368
4293,2015年12月9日,687
4294,2015年12月10日,336
4295,2015年12月11日,332
4296,2015年12月14日,671
4297,2015年12月15日,484
4298,2015年12月16日,166
4299,2015年12月17日,308
4300,2015年12月18日,966
4301,2015年12月21日,530
4302,2015年12月22日,454
4303,2015年12月23日,447
4304,2015年12月24日,187
4305,2015年12月25日,166
4306,2015年12月28日,549
4307,2015年12月29日,710
4308,2015年12月30日,350
4309,2016年1月4日,748
4310,2016年1月5日,988
4311,2016年1月6日,274
4312,2016年1月7日,603
4313,2016年1月8日,797
4314,2016年1月11日,787
4315,2016年1月12日,946
4316,2016年1月13日,081
4317,2016年1月14日,727
4318,2016年1月15日,992
4319,2016年1月18日,283
4320,2016年1月19日,392
4321,2016年1月20日,814
4322,2016年1月21日,725
4323,2016年1月22日,751
4324,2016年1月25日,211
4325,2016年1月26日,564
4326,2016年1月27日,504
4327,2016年1月28日,234
4328,2016年1月29日,694
4329,2016年2月1日,366
4330,2016年2月2日,602
4331,2016年2月3日,712
4332,2016年2月4日,182
4333,2016年2月5日,418
4334,2016年2月8日,305
4335,2016年2月9日,344
4336,2016年2月10日,307
4337,2016年2月11日,136
4338,2016年2月12日,147
4339,2016年2月15日,886
4340,2016年2月16日,721
4341,2016年2月17日,092
4342,2016年2月18日,934
4343,2016年2月19日,055
4344,2016年2月22日,456
4345,2016年2月23日,908
4346,2016年2月24日,837
4347,2016年2月25日,878
4348,2016年2月26日,250
4349,2016年2月29日,311
4350,2016年3月1日,099
4351,2016年3月2日,927
4352,2016年3月3日,002
4353,2016年3月4日,201
4354,2016年3月7日,405
4355,2016年3月8日,500
4356,2016年3月9日,334
4357,2016年3月10日,244
4358,2016年3月11日,200
4359,2016年3月14日,426
4360,2016年3月15日,986
4361,2016年3月16日,937
4362,2016年3月17日,146
4363,2016年3月18日,213
4364,2016年3月21日,257
4365,2016年3月22日,187
4366,2016年3月23日,355
4367,2016年3月24日,207
4368,2016年3月25日,913
4369,2016年3月28日,457
4370,2016年3月29日,446
4371,2016年3月30日,622
4372,2016年3月31日,654
4373,2016年4月1日,375
4374,2016年4月4日,304
4375,2016年4月5日,602
4376,2016年4月6日,878
4377,2016年4月7日,065
4378,2016年4月8日,863
4379,2016年4月11日,900
4380,2016年4月12日,813
4381,2016年4月13日,763
4382,2016年4月14日,661
4383,2016年4月15日,836
4384,2016年4月18日,180
4385,2016年4月19日,230
4386,2016年4月20日,660
4387,2016年4月21日,603
4388,2016年4月22日,099
4389,2016年4月25日,188
4390,2016年4月26日,263
4391,2016年4月27日,962
4392,2016年4月28日,183
4393,2016年4月29日,183
4394,2016年5月2日,701
4395,2016年5月3日,732
4396,2016年5月4日,942
4397,2016年5月5日,987
4398,2016年5月6日,528
4399,2016年5月9日,468
4400,2016年5月10日,933
4401,2016年5月11日,511
4402,2016年5月12日,497
4403,2016年5月13日,339
4404,2016年5月16日,975
4405,2016年5月17日,750
4406,2016年5月18日,590
4407,2016年5月19日,237
4408,2016年5月20日,402
4409,2016年5月23日,985
4410,2016年5月24日,664
4411,2016年5月25日,070
4412,2016年5月26日,642
4413,2016年5月27日,271
4414,2016年5月30日,921
4415,2016年5月31日,397
4416,2016年6月1日,658
4417,2016年6月2日,256
4418,2016年6月3日,093
4419,2016年6月6日,617
4420,2016年6月7日,034
4421,2016年6月8日,262
4422,2016年6月9日,355
4423,2016年6月10日,809
4424,2016年6月13日,244
4425,2016年6月14日,543
4426,2016年6月15日,742
4427,2016年6月16日,370
4428,2016年6月17日,063
4429,2016年6月20日,724
4430,2016年6月21日,615
4431,2016年6月22日,125
4432,2016年6月23日,693
4433,2016年6月24日,088
4434,2016年6月27日,440
4435,2016年6月28日,546
4436,2016年6月29日,748
4437,2016年6月30日,602
4438,2016年7月1日,958
4439,2016年7月4日,728
4440,2016年7月5日,514
4441,2016年7月6日,510
4442,2016年7月7日,003
4443,2016年7月8日,443
4444,2016年7月11日,826
4445,2016年7月12日,716
4446,2016年7月13日,291
4447,2016年7月14日,001
4448,2016年7月15日,292
4449,2016年7月18日,914
4450,2016年7月19日,804
4451,2016年7月20日,451
4452,2016年7月21日,095
4453,2016年7月22日,141
4454,2016年7月25日,097
4455,2016年7月26日,356
4456,2016年7月27日,052
4457,2016年7月28日,047
4458,2016年7月29日,532
4459,2016年8月1日,806
4460,2016年8月2日,206
4461,2016年8月3日,308
4462,2016年8月4日,867
4463,2016年8月5日,623
4464,2016年8月8日,682
4465,2016年8月9日,058
4466,2016年8月10日,472
4467,2016年8月11日,067
4468,2016年8月12日,377
4469,2016年8月15日,367
4470,2016年8月16日,773
4471,2016年8月17日,001
4472,2016年8月18日,142
4473,2016年8月19日,768
4474,2016年8月22日,621
4475,2016年8月23日,695
4476,2016年8月24日,431
4477,2016年8月25日,111
4478,2016年8月26日,100
4479,2016年8月29日,595
4480,2016年8月30日,988
4481,2016年8月31日,103
4482,2016年9月1日,054
4483,2016年9月2日,284
4484,2016年9月5日,337
4485,2016年9月6日,509
4486,2016年9月7日,701
4487,2016年9月8日,346
4488,2016年9月9日,879
4489,2016年9月12日,450
4490,2016年9月13日,437
4491,2016年9月14日,927
4492,2016年9月15日,053
4493,2016年9月16日,804
4494,2016年9月19日,470
4495,2016年9月20日,401
4496,2016年9月21日,211
4497,2016年9月22日,373
4498,2016年9月23日,947
4499,2016年9月26日,545
4500,2016年9月27日,237
4501,2016年9月28日,139
4502,2016年9月29日,161
4503,2016年9月30日,719
4504,2016年10月3日,636
4505,2016年10月4日,167
4506,2016年10月5日,861
4507,2016年10月6日,787
4508,2016年10月7日,316
4509,2016年10月10日,657
4510,2016年10月11日,480
4511,2016年10月12日,829
4512,2016年10月13日,662
4513,2016年10月14日,271
4514,2016年10月17日,946
4515,2016年10月18日,410
4516,2016年10月19日,774
4517,2016年10月20日,693
4518,2016年10月21日,471
4519,2016年10月24日,217
4520,2016年10月25日,111
4521,2016年10月26日,090
4522,2016年10月27日,640
4523,2016年10月28日,568
4524,2016年10月31日,485
4525,2016年11月1日,643
4526,2016年11月2日,215
4527,2016年11月3日,306
4528,2016年11月4日,971
4529,2016年11月7日,721
4530,2016年11月8日,994
4531,2016年11月9日,687
4532,2016年11月10日,526
4533,2016年11月11日,623
4534,2016年11月14日,244
4535,2016年11月15日,697
4536,2016年11月16日,396
4537,2016年11月17日,899
4538,2016年11月18日,281
4539,2016年11月21日,722
4540,2016年11月22日,325
4541,2016年11月23日,850
4542,2016年11月24日,839
4543,2016年11月25日,609
4544,2016年11月28日,090
4545,2016年11月29日,217
4546,2016年11月30日,628
4547,2016年12月1日,939
4548,2016年12月2日,336
4549,2016年12月5日,043
4550,2016年12月6日,699
4551,2016年12月7日,367
4552,2016年12月8日,087
4553,2016年12月9日,721
4554,2016年12月12日,687
4555,2016年12月13日,231
4556,2016年12月14日,915
4557,2016年12月15日,679
4558,2016年12月16日,073
4559,2016年12月19日,137
4560,2016年12月20日,513
4561,2016年12月21日,651
4562,2016年12月22日,291
4563,2016年12月23日,153
4564,2016年12月26日,934
4565,2016年12月27日,837
4566,2016年12月28日,007
4567,2016年12月29日,415
4568,2016年12月30日,767
4569,2017年1月4日,450
4570,2017年1月5日,387
4571,2017年1月6日,714
4572,2017年1月9日,076
4573,2017年1月10日,339
4574,2017年1月11日,694
4575,2017年1月12日,575
4576,2017年1月13日,211
4577,2017年1月16日,085
4578,2017年1月17日,649
4579,2017年1月18日,745
4580,2017年1月19日,697
4581,2017年1月20日,859
4582,2017年1月23日,857
4583,2017年1月24日,387
4584,2017年1月25日,644
4585,2017年1月26日,852
4586,2017年1月27日,132
4587,2017年1月30日,440
4588,2017年1月31日,837
4589,2017年2月1日,906
4590,2017年2月2日,292
4591,2017年2月3日,132
4592,2017年2月6日,762
4593,2017年2月7日,862
4594,2017年2月8日,828
4595,2017年2月9日,070
4596,2017年2月10日,261
4597,2017年2月13日,425
4598,2017年2月14日,027
4599,2017年2月15日,089
4600,2017年2月16日,464
4601,2017年2月17日,015
4602,2017年2月20日,890
4603,2017年2月21日,866
4604,2017年2月22日,893
4605,2017年2月23日,840
4606,2017年2月24日,631
4607,2017年2月27日,147
4608,2017年2月28日,788
4609,2017年3月1日,157
4610,2017年3月2日,449
4611,2017年3月3日,111
4612,2017年3月6日,226
4613,2017年3月7日,868
4614,2017年3月8日,959
4615,2017年3月9日,960
4616,2017年3月10日,689
4617,2017年3月13日,785
4618,2017年3月14日,101
4619,2017年3月15日,789
4620,2017年3月16日,101
4621,2017年3月17日,692
4622,2017年3月20日,164
4623,2017年3月21日,064
4624,2017年3月22日,712
4625,2017年3月23日,405
4626,2017年3月24日,719
4627,2017年3月27日,546
4628,2017年3月28日,619
4629,2017年3月29日,053
4630,2017年3月30日,638
4631,2017年3月31日,226
4632,2017年4月3日,066
4633,2017年4月4日,642
4634,2017年4月5日,374
4635,2017年4月6日,984
4636,2017年4月7日,132
4637,2017年4月10日,473
4638,2017年4月11日,081
4639,2017年4月12日,353
4640,2017年4月13日,067
4641,2017年4月14日,535
4642,2017年4月17日,439
4643,2017年4月18日,833
4644,2017年4月19日,091
4645,2017年4月20日,771
4646,2017年4月21日,254
4647,2017年4月24日,364
4648,2017年4月25日,849
4649,2017年4月26日,796
4650,2017年4月27日,799
4651,2017年4月28日,508
4652,2017年5月1日,525
4653,2017年5月2日,939
4654,2017年5月3日,479
4655,2017年5月4日,904
4656,2017年5月5日,433
4657,2017年5月8日,459
4658,2017年5月9日,768
4659,2017年5月10日,161
4660,2017年5月11日,895
4661,2017年5月12日,922
4662,2017年5月15日,682
4663,2017年5月16日,017
4664,2017年5月17日,597
4665,2017年5月18日,423
4666,2017年5月19日,909
4667,2017年5月22日,052
4668,2017年5月23日,509
4669,2017年5月24日,307
4670,2017年5月25日,039
4671,2017年5月26日,041
4672,2017年5月29日,990
4673,2017年5月30日,537
4674,2017年5月31日,471
4675,2017年6月1日,570
4676,2017年6月2日,622
4677,2017年6月5日,873
4678,2017年6月6日,289
4679,2017年6月7日,870
4680,2017年6月8日,037
4681,2017年6月9日,908
4682,2017年6月12日,172
4683,2017年6月13日,577
4684,2017年6月14日,428
4685,2017年6月15日,501
4686,2017年6月16日,540
4687,2017年6月19日,874
4688,2017年6月20日,671
4689,2017年6月21日,311
4690,2017年6月22日,375
4691,2017年6月23日,811
4692,2017年6月26日,242
4693,2017年6月27日,171
4694,2017年6月28日,796
4695,2017年6月29日,208
4696,2017年6月30日,161
4697,2017年7月3日,871
4698,2017年7月4日,713
4699,2017年7月5日,749
4700,2017年7月6日,817
4701,2017年7月7日,346
4702,2017年7月10日,844
4703,2017年7月11日,010
4704,2017年7月12日,904
4705,2017年7月13日,159
4706,2017年7月14日,458
4707,2017年7月17日,401
4708,2017年7月18日,880
4709,2017年7月19日,332
4710,2017年7月20日,008
4711,2017年7月21日,109
4712,2017年7月24日,381
4713,2017年7月25日,661
4714,2017年7月26日,898
4715,2017年7月27日,593
4716,2017年7月28日,679
4717,2017年7月31日,718
4718,2017年8月1日,463
4719,2017年8月2日,722
4720,2017年8月3日,661
4721,2017年8月4日,082
4722,2017年8月7日,207
4723,2017年8月8日,594
4724,2017年8月9日,097
4725,2017年8月10日,229
4726,2017年8月11日,347
4727,2017年8月14日,693
4728,2017年8月15日,201
4729,2017年8月16日,508
4730,2017年8月17日,711
4731,2017年8月18日,105
4732,2017年8月21日,933
4733,2017年8月22日,015
4734,2017年8月23日,409
4735,2017年8月24日,432
4736,2017年8月25日,253
4737,2017年8月28日,185
4738,2017年8月29日,153
4739,2017年8月30日,862
4740,2017年8月31日,007
4741,2017年9月1日,906
4742,2017年9月4日,630
4743,2017年9月5日,058
4744,2017年9月6日,301
4745,2017年9月7日,297
4746,2017年9月8日,707
4747,2017年9月11日,199
4748,2017年9月12日,147
4749,2017年9月13日,302
4750,2017年9月14日,648
4751,2017年9月15日,132
4752,2017年9月18日,372
4753,2017年9月19日,005
4754,2017年9月20日,684
4755,2017年9月21日,276
4756,2017年9月22日,222
4757,2017年9月25日,313
4758,2017年9月26日,214
4759,2017年9月27日,228
4760,2017年9月28日,347
4761,2017年9月29日,573
4762,2017年10月2日,321
4763,2017年10月3日,679
4764,2017年10月4日,925
4765,2017年10月5日,870
4766,2017年10月6日,656
4767,2017年10月9日,187
4768,2017年10月10日,925
4769,2017年10月11日,085
4770,2017年10月12日,933
4771,2017年10月13日,394
4772,2017年10月16日,236
4773,2017年10月17日,219
4774,2017年10月18日,021
4775,2017年10月19日,227
4776,2017年10月20日,420
4777,2017年10月23日,071
4778,2017年10月24日,252
4779,2017年10月25日,921
4780,2017年10月26日,072
4781,2017年10月27日,830
4782,2017年10月30日,205
4783,2017年10月31日,023
4784,2017年11月1日,046
4785,2017年11月2日,501
4786,2017年11月3日,221
4787,2017年11月6日,996
4788,2017年11月7日,496
4789,2017年11月8日,714
4790,2017年11月9日,836
4791,2017年11月10日,621
4792,2017年11月13日,732
4793,2017年11月14日,523
4794,2017年11月15日,385
4795,2017年11月16日,754
4796,2017年11月17日,434
4797,2017年11月20日,891
4798,2017年11月21日,176
4799,2017年11月22日,609
4800,2017年11月23日,794
4801,2017年11月24日,177
4802,2017年11月27日,173
4803,2017年11月28日,261
4804,2017年11月29日,782
4805,2017年11月30日,820
4806,2017年12月1日,242
4807,2017年12月4日,945
4808,2017年12月5日,233
4809,2017年12月6日,218
4810,2017年12月7日,618
4811,2017年12月8日,937
4812,2017年12月11日,278
4813,2017年12月12日,276
4814,2017年12月13日,043
4815,2017年12月14日,078
4816,2017年12月15日,542
4817,2017年12月18日,325
4818,2017年12月19日,162
4819,2017年12月20日,351
4820,2017年12月21日,663
4821,2017年12月22日,288
4822,2017年12月25日,720
4823,2017年12月26日,809
4824,2017年12月27日,372
4825,2017年12月28日,591
4826,2017年12月29日,842
4827,2018年1月4日,858
4828,2018年1月5日,384
4829,2018年1月8日,976
4830,2018年1月9日,930
4831,2018年1月10日,634
4832,2018年1月11日,223
4833,2018年1月12日,413
4834,2018年1月15日,881
4835,2018年1月16日,368
4836,2018年1月17日,873
4837,2018年1月18日,916
4838,2018年1月19日,955
4839,2018年1月22日,122
4840,2018年1月23日,327
4841,2018年1月24日,092
4842,2018年1月25日,282
4843,2018年1月26日,956
4844,2018年1月29日,415
4845,2018年1月30日,432
4846,2018年1月31日,437
4847,2018年2月1日,546
4848,2018年2月2日,291
4849,2018年2月5日,461
4850,2018年2月6日,139
4851,2018年2月7日,138
4852,2018年2月8日,448
4853,2018年2月9日,936
4854,2018年2月12日,221
4855,2018年2月13日,876
4856,2018年2月14日,347
4857,2018年2月15日,631
4858,2018年2月16日,725
4859,2018年2月19日,949
4860,2018年2月20日,271
4861,2018年2月21日,545
4862,2018年2月22日,320
4863,2018年2月23日,060
4864,2018年2月26日,060
4865,2018年2月27日,350
4866,2018年2月28日,839
4867,2018年3月1日,382
4868,2018年3月2日,776
4869,2018年3月5日,411
4870,2018年3月6日,586
4871,2018年3月7日,045
4872,2018年3月8日,123
4873,2018年3月9日,720
4874,2018年3月12日,497
4875,2018年3月13日,243
4876,2018年3月14日,363
4877,2018年3月15日,236
4878,2018年3月16日,399
4879,2018年3月19日,217
4880,2018年3月20日,118
4881,2018年3月21日,486
4882,2018年3月22日,029
4883,2018年3月23日,900
4884,2018年3月26日,484
4885,2018年3月27日,905
4886,2018年3月28日,800
4887,2018年3月29日,339
4888,2018年3月30日,950
4889,2018年4月2日,684
4890,2018年4月3日,507
4891,2018年4月4日,750
4892,2018年4月5日,352
4893,2018年4月6日,516
4894,2018年4月9日,760
4895,2018年4月10日,016
4896,2018年4月11日,759
4897,2018年4月12日,196
4898,2018年4月13日,775
4899,2018年4月16日,118
4900,2018年4月17日,993
4901,2018年4月18日,984
4902,2018年4月19日,159
4903,2018年4月20日,955
4904,2018年4月23日,716
4905,2018年4月24日,936
4906,2018年4月25日,081
4907,2018年4月26日,355
4908,2018年4月27日,714
4909,2018年4月30日,002
4910,2018年5月1日,440
4911,2018年5月2日,372
4912,2018年5月3日,589
4913,2018年5月4日,119
4914,2018年5月7日,299
4915,2018年5月8日,909
4916,2018年5月9日,037
4917,2018年5月10日,402
4918,2018年5月11日,030
4919,2018年5月14日,604
4920,2018年5月15日,497
4921,2018年5月16日,909
4922,2018年5月17日,851
4923,2018年5月18日,934
4924,2018年5月21日,109
4925,2018年5月22日,531
4926,2018年5月23日,393
4927,2018年5月24日,496
4928,2018年5月25日,535
4929,2018年5月28日,513
4930,2018年5月29日,797
4931,2018年5月30日,648
4932,2018年5月31日,319
4933,2018年6月1日,669
4934,2018年6月4日,173
4935,2018年6月5日,269
4936,2018年6月6日,557
4937,2018年6月7日,653
4938,2018年6月8日,137
4939,2018年6月11日,413
4940,2018年6月12日,193
4941,2018年6月13日,642
4942,2018年6月14日,487
4943,2018年6月15日,765
4944,2018年6月18日,119
4945,2018年6月19日,182
4946,2018年6月20日,912
4947,2018年6月21日,018
4948,2018年6月22日,001
4949,2018年6月25日,549
4950,2018年6月26日,256
4951,2018年6月27日,032
4952,2018年6月28日,751
4953,2018年6月29日,349
4954,2018年7月2日,193
4955,2018年7月3日,489
4956,2018年7月4日,901
4957,2018年7月5日,668
4958,2018年7月6日,870
4959,2018年7月9日,061
4960,2018年7月10日,625
4961,2018年7月11日,223
4962,2018年7月12日,205
4963,2018年7月13日,989
4964,2018年7月16日,176
4965,2018年7月17日,877
4966,2018年7月18日,580
4967,2018年7月19日,051
4968,2018年7月20日,115
4969,2018年7月23日,330
4970,2018年7月24日,977
4971,2018年7月25日,778
4972,2018年7月26日,220
4973,2018年7月27日,241
4974,2018年7月30日,096
4975,2018年7月31日,430
4976,2018年8月1日,918
4977,2018年8月2日,644
4978,2018年8月3日,646
4979,2018年8月6日,047
4980,2018年8月7日,260
4981,2018年8月8日,529
4982,2018年8月9日,879
4983,2018年8月10日,890
4984,2018年8月13日,069
4985,2018年8月14日,322
4986,2018年8月15日,505
4987,2018年8月16日,480
4988,2018年8月17日,131
4989,2018年8月20日,203
4990,2018年8月21日,078
4991,2018年8月22日,308
4992,2018年8月23日,371
4993,2018年8月24日,075
4994,2018年8月27日,300
4995,2018年8月28日,650
4996,2018年8月29日,731
4997,2018年8月30日,943
4998,2018年8月31日,271
4999,2018年9月3日,045
5000,2018年9月4日,317
5001,2018年9月5日,488
5002,2018年9月6日,480
5003,2018年9月7日,571
5004,2018年9月10日,635
5005,2018年9月11日,283
5006,2018年9月12日,739
5007,2018年9月13日,704
5008,2018年9月14日,589
5009,2018年9月17日,674
5010,2018年9月18日,960
5011,2018年9月19日,046
5012,2018年9月20日,234
5013,2018年9月21日,681
5014,2018年9月24日,240
5015,2018年9月25日,365
5016,2018年9月26日,763
5017,2018年9月27日,026
5018,2018年9月28日,669
5019,2018年10月1日,942
5020,2018年10月2日,461
5021,2018年10月3日,877
5022,2018年10月4日,449
5023,2018年10月5日,233
5024,2018年10月8日,361
5025,2018年10月9日,368
5026,2018年10月10日,131
5027,2018年10月11日,046
5028,2018年10月12日,046
5029,2018年10月15日,352
5030,2018年10月16日,870
5031,2018年10月17日,271
5032,2018年10月18日,083
5033,2018年10月19日,930
5034,2018年10月22日,098
5035,2018年10月23日,012
5036,2018年10月24日,049
5037,2018年10月25日,594
5038,2018年10月26日,244
5039,2018年10月29日,453
5040,2018年10月30日,546
5041,2018年10月31日,379
5042,2018年11月1日,458
5043,2018年11月2日,115
5044,2018年11月5日,735
5045,2018年11月6日,350
5046,2018年11月7日,142
5047,2018年11月8日,343
5048,2018年11月9日,209
5049,2018年11月12日,132
5050,2018年11月13日,309
5051,2018年11月14日,281
5052,2018年11月15日,105
5053,2018年11月16日,800
5054,2018年11月19日,775
5055,2018年11月20日,476
5056,2018年11月21日,885
5057,2018年11月22日,589
5058,2018年11月23日,275
5059,2018年11月26日,196
5060,2018年11月27日,948
5061,2018年11月28日,987
5062,2018年11月29日,405
5063,2018年11月30日,285
5064,2018年12月3日,313
5065,2018年12月4日,921
5066,2018年12月5日,009
5067,2018年12月6日,295
5068,2018年12月7日,223
5069,2018年12月10日,991
5070,2018年12月11日,656
5071,2018年12月12日,304
5072,2018年12月13日,136
5073,2018年12月14日,922
5074,2018年12月17日,234
5075,2018年12月18日,643
5076,2018年12月19日,871
5077,2018年12月20日,600
5078,2018年12月21日,100
5079,2018年12月24日,329
5080,2018年12月25日,442
5081,2018年12月26日,644
5082,2018年12月27日,080
5083,2018年12月28日,234
5084,2019年1月4日,804
5085,2019年1月7日,755
5086,2019年1月8日,088
5087,2019年1月9日,733
5088,2019年1月10日,654
5089,2019年1月11日,953
5090,2019年1月14日,650
5091,2019年1月15日,608
5092,2019年1月16日,704
5093,2019年1月17日,162
5094,2019年1月18日,616
5095,2019年1月21日,702
5096,2019年1月22日,637
5097,2019年1月23日,249
5098,2019年1月24日,547
5099,2019年1月25日,079
5100,2019年1月28日,647
5101,2019年1月29日,596
5102,2019年1月30日,603
5103,2019年1月31日,210
5104,2019年2月1日,049
5105,2019年2月4日,766
5106,2019年2月5日,322
5107,2019年2月6日,660
5108,2019年2月7日,626
5109,2019年2月8日,684
5110,2019年2月11日,077
5111,2019年2月12日,882
5112,2019年2月13日,087
5113,2019年2月14日,446
5114,2019年2月15日,771
5115,2019年2月18日,878
5116,2019年2月19日,991
5117,2019年2月20日,956
5118,2019年2月21日,831
5119,2019年2月22日,672
5120,2019年2月25日,661
5121,2019年2月26日,635
5122,2019年2月27日,663
5123,2019年2月28日,366
5124,2019年3月1日,958
5125,2019年3月4日,123
5126,2019年3月5日,892
5127,2019年3月6日,637
5128,2019年3月7日,757
5129,2019年3月8日,097
5130,2019年3月11日,302
5131,2019年3月12日,030
5132,2019年3月13日,413
5133,2019年3月14日,449
5134,2019年3月15日,652
5135,2019年3月18日,631
5136,2019年3月19日,998
5137,2019年3月20日,431
5138,2019年3月21日,378
5139,2019年3月22日,148
5140,2019年3月25日,887
5141,2019年3月26日,556
5142,2019年3月27日,247
5143,2019年3月28日,967
5144,2019年3月29日,960
5145,2019年4月1日,373
5146,2019年4月2日,502
5147,2019年4月3日,942
5148,2019年4月4日,391
5149,2019年4月5日,699
5150,2019年4月8日,169
5151,2019年4月9日,745
5152,2019年4月10日,511
5153,2019年4月11日,026
5154,2019年4月12日,906
5155,2019年4月15日,167
5156,2019年4月16日,607
5157,2019年4月17日,765
5158,2019年4月18日,145
5159,2019年4月19日,984
5160,2019年4月22日,764
5161,2019年4月23日,452
5162,2019年4月24日,152
5163,2019年4月25日,830
5164,2019年4月26日,166
5165,2019年4月29日,746
5166,2019年4月30日,619
5167,2019年5月1日,335
5168,2019年5月2日,992
5169,2019年5月3日,349
5170,2019年5月6日,265
5171,2019年5月7日,705
5172,2019年5月8日,451
5173,2019年5月9日,983
5174,2019年5月10日,776
5175,2019年5月13日,482
5176,2019年5月14日,856
5177,2019年5月15日,314
5178,2019年5月16日,129
5179,2019年5月17日,647
5180,2019年5月20日,025
5181,2019年5月21日,193
5182,2019年5月22日,522
5183,2019年5月23日,381
5184,2019年5月24日,682
5185,2019年5月27日,718
5186,2019年5月28日,077
5187,2019年5月29日,779
5188,2019年5月30日,731
5189,2019年5月31日,943
5190,2019年6月3日,383
5191,2019年6月4日,755
5192,2019年6月5日,342
5193,2019年6月6日,856
5194,2019年6月7日,397
5195,2019年6月10日,814
5196,2019年6月11日,080
5197,2019年6月12日,246
5198,2019年6月13日,560
5199,2019年6月14日,683
5200,2019年6月17日,226
5201,2019年6月18日,055
5202,2019年6月19日,377
5203,2019年6月20日,942
5204,2019年6月21日,180
5205,2019年6月24日,011
5206,2019年6月25日,957
5207,2019年6月26日,720
5208,2019年6月27日,928
5209,2019年6月28日,202
5210,2019年7月1日,937
5211,2019年7月2日,214
5212,2019年7月3日,297
5213,2019年7月4日,951
5214,2019年7月5日,782
5215,2019年7月8日,458
5216,2019年7月9日,739
5217,2019年7月10日,763
5218,2019年7月11日,736
5219,2019年7月12日,273
5220,2019年7月15日,047
5221,2019年7月16日,502
5222,2019年7月17日,042
5223,2019年7月18日,808
5224,2019年7月19日,503
5225,2019年7月22日,060
5226,2019年7月23日,463
5227,2019年7月24日,799
5228,2019年7月25日,064
5229,2019年7月26日,519
5230,2019年7月29日,477
5231,2019年7月30日,195
5232,2019年7月31日,980
5233,2019年8月1日,079
5234,2019年8月2日,791
5235,2019年8月5日,687
5236,2019年8月6日,912
5237,2019年8月7日,975
5238,2019年8月8日,859
5239,2019年8月9日,613
5240,2019年8月12日,596
5241,2019年8月13日,426
5242,2019年8月14日,882
5243,2019年8月15日,557
5244,2019年8月16日,254
5245,2019年8月19日,009
5246,2019年8月20日,554
5247,2019年8月21日,430
5248,2019年8月22日,297
5249,2019年8月23日,633
5250,2019年8月26日,848
5251,2019年8月27日,680
5252,2019年8月28日,246
5253,2019年8月29日,856
5254,2019年8月30日,043
5255,2019年9月2日,971
5256,2019年9月3日,874
5257,2019年9月4日,012
5258,2019年9月5日,773
5259,2019年9月6日,489
5260,2019年9月9日,032
5261,2019年9月10日,557
5262,2019年9月11日,169
5263,2019年9月12日,304
5264,2019年9月13日,910
5265,2019年9月16日,133
5266,2019年9月17日,323
5267,2019年9月18日,786
5268,2019年9月19日,583
5269,2019年9月20日,240
5270,2019年9月23日,825
5271,2019年9月24日,069
5272,2019年9月25日,665
5273,2019年9月26日,876
5274,2019年9月27日,286
5275,2019年9月30日,766
5276,2019年10月1日,597
5277,2019年10月2日,715
5278,2019年10月3日,635
5279,2019年10月4日,705
5280,2019年10月7日,902
5281,2019年10月8日,764
5282,2019年10月9日,361
5283,2019年10月10日,191
5284,2019年10月11日,207
5285,2019年10月14日,163
5286,2019年10月15日,393
5287,2019年10月16日,984
5288,2019年10月17日,814
5289,2019年10月18日,776
5290,2019年10月21日,808
5291,2019年10月22日,158
5292,2019年10月23日,822
5293,2019年10月24日,530
5294,2019年10月25日,175
5295,2019年10月28日,762
5296,2019年10月29日,716
5297,2019年10月30日,920
5298,2019年10月31日,134
5299,2019年11月1日,317
5300,2019年11月4日,465
5301,2019年11月5日,601
5302,2019年11月6日,219
5303,2019年11月7日,612
5304,2019年11月8日,153
5305,2019年11月11日,544
5306,2019年11月12日,961
5307,2019年11月13日,828
5308,2019年11月14日,831
5309,2019年11月15日,818
5310,2019年11月18日,275
5311,2019年11月19日,695
5312,2019年11月20日,363
5313,2019年11月21日,204
5314,2019年11月22日,094
5315,2019年11月25日,962
5316,2019年11月26日,118
5317,2019年11月27日,565
5318,2019年11月28日,491
5319,2019年11月29日,339
5320,2019年12月2日,448
5321,2019年12月3日,242
5322,2019年12月4日,895
5323,2019年12月5日,340
5324,2019年12月6日,694
5325,2019年12月9日,869
5326,2019年12月10日,436
5327,2019年12月11日,247
5328,2019年12月12日,844
5329,2019年12月13日,865
5330,2019年12月16日,491
5331,2019年12月17日,392
5332,2019年12月18日,626
5333,2019年12月19日,680
5334,2019年12月20日,325
5335,2019年12月23日,349
5336,2019年12月24日,079
5337,2019年12月25日,113
5338,2019年12月26日,914
5339,2019年12月27日,475
5340,2019年12月30日,721
5341,2020年1月6日,887
5342,2020年1月7日,109
5343,2020年1月8日,527
5344,2020年1月9日,409
5345,2020年1月10日,785
5346,2020年1月13日,705
5347,2020年1月14日,428
5348,2020年1月15日,565
5349,2020年1月16日,592
5350,2020年1月17日,626
5351,2020年1月20日,485
5352,2020年1月21日,069
5353,2020年1月22日,444
5354,2020年1月23日,366
5355,2020年1月24日,629
5356,2020年1月27日,345
5357,2020年1月28日,002
5358,2020年1月29日,312
5359,2020年1月30日,472
5360,2020年1月31日,436
5361,2020年2月3日,272
5362,2020年2月4日,514
5363,2020年2月5日,108
5364,2020年2月6日,577
5365,2020年2月7日,433
5366,2020年2月10日,516
5367,2020年2月11日,720
5368,2020年2月12日,503
5369,2020年2月13日,123
5370,2020年2月14日,006
5371,2020年2月17日,005
5372,2020年2月18日,386
5373,2020年2月19日,461
5374,2020年2月20日,518
5375,2020年2月21日,206
5376,2020年2月24日,996
5377,2020年2月25日,445
5378,2020年2月26日,528
5379,2020年2月27日,907
5380,2020年2月28日,780
5381,2020年3月2日,843
5382,2020年3月3日,178
5383,2020年3月4日,452
5384,2020年3月5日,073
5385,2020年3月6日,162
5386,2020年3月9日,921
5387,2020年3月10日,372
5388,2020年3月11日,168
5389,2020年3月12日,233
5390,2020年3月13日,504
5391,2020年3月16日,983
5392,2020年3月17日,679
5393,2020年3月18日,738
5394,2020年3月19日,376
5395,2020年3月20日,397
5396,2020年3月23日,063
5397,2020年3月24日,477
5398,2020年3月25日,509
5399,2020年3月26日,930
5400,2020年3月27日,938
5401,2020年3月30日,574
5402,2020年3月31日,724
5403,2020年4月1日,176
5404,2020年4月2日,010
5405,2020年4月3日,802
5406,2020年4月6日,602
5407,2020年4月7日,221
5408,2020年4月8日,925
5409,2020年4月9日,505
5410,2020年4月10日,182
5411,2020年4月13日,684
5412,2020年4月14日,909
5413,2020年4月15日,962
5414,2020年4月16日,010
5415,2020年4月17日,391
5416,2020年4月20日,950
5417,2020年4月21日,889
5418,2020年4月22日,489
5419,2020年4月23日,804
5420,2020年4月24日,654
5421,2020年4月27日,867
5422,2020年4月28日,843
5423,2020年4月29日,457
5424,2020年4月30日,054
5425,2020年5月1日,815
5426,2020年5月4日,534
5427,2020年5月5日,809
5428,2020年5月6日,348
5429,2020年5月7日,033
5430,2020年5月8日,278
5431,2020年5月11日,837
5432,2020年5月12日,996
5433,2020年5月13日,860
5434,2020年5月14日,700
5435,2020年5月15日,325
5436,2020年5月18日,803
5437,2020年5月19日,162
5438,2020年5月20日,729
5439,2020年5月21日,684
5440,2020年5月22日,406
5441,2020年5月25日,663
5442,2020年5月26日,178
5443,2020年5月27日,551
5444,2020年5月28日,343
5445,2020年5月29日,892
5446,2020年6月1日,536
5447,2020年6月2日,202
5448,2020年6月3日,697
5449,2020年6月4日,432
5450,2020年6月5日,863
5451,2020年6月8日,507
5452,2020年6月9日,744
5453,2020年6月10日,774
5454,2020年6月11日,383
5455,2020年6月12日,078
5456,2020年6月15日,712
5457,2020年6月16日,826
5458,2020年6月17日,153
5459,2020年6月18日,365
5460,2020年6月19日,734
5461,2020年6月22日,197
5462,2020年6月23日,988
5463,2020年6月24日,550
5464,2020年6月25日,981
5465,2020年6月26日,709
5466,2020年6月29日,801
5467,2020年6月30日,245
5468,2020年7月1日,358
5469,2020年7月2日,510
5470,2020年7月3日,464
5471,2020年7月6日,337
5472,2020年7月7日,112
5473,2020年7月8日,024
5474,2020年7月9日,339
5475,2020年7月10日,937
5476,2020年7月13日,182
5477,2020年7月14日,738
5478,2020年7月15日,697
5479,2020年7月16日,699
5480,2020年7月17日,613
5481,2020年7月20日,350
5482,2020年7月21日,378
5483,2020年7月22日,637
5484,2020年7月23日,097
5485,2020年7月24日,224
5486,2020年7月27日,495
5487,2020年7月28日,008
5488,2020年7月29日,902
5489,2020年7月30日,555
5490,2020年7月31日,130
5491,2020年8月3日,009
5492,2020年8月4日,113
5493,2020年8月5日,229
5494,2020年8月6日,796
5495,2020年8月7日,332
5496,2020年8月10日,681
5497,2020年8月11日,871
5498,2020年8月12日,640
5499,2020年8月13日,998
5500,2020年8月14日,132
5501,2020年8月17日,946
5502,2020年8月18日,858
5503,2020年8月19日,884
5504,2020年8月20日,611
5505,2020年8月21日,529
5506,2020年8月24日,317
5507,2020年8月25日,226
5508,2020年8月26日,687
5509,2020年8月27日,267
5510,2020年8月28日,930
5511,2020年8月31日,443
5512,2020年9月1日,838
5513,2020年9月2日,995
5514,2020年9月3日,716
5515,2020年9月4日,445
5516,2020年9月7日,793
5517,2020年9月8日,948
5518,2020年9月9日,461
5519,2020年9月10日,899
5520,2020年9月11日,195
5521,2020年9月14日,046
5522,2020年9月15日,848
5523,2020年9月16日,927
5524,2020年9月17日,376
5525,2020年9月18日,432
5526,2020年9月21日,240
5527,2020年9月22日,208
5528,2020年9月23日,365
5529,2020年9月24日,660
5530,2020年9月25日,040
5531,2020年9月28日,932
5532,2020年9月29日,969
5533,2020年9月30日,130
5534,2020年10月1日,659
5535,2020年10月2日,040
5536,2020年10月5日,160
5537,2020年10月6日,472
5538,2020年10月7日,944
5539,2020年10月8日,277
5540,2020年10月9日,820
5541,2020年10月12日,979
5542,2020年10月13日,300
5543,2020年10月14日,424
5544,2020年10月15日,650
5545,2020年10月16日,680
5546,2020年10月19日,829
5547,2020年10月20日,963
5548,2020年10月21日,777
5549,2020年10月22日,118
5550,2020年10月23日,846
5551,2020年10月26日,937
5552,2020年10月27日,129
5553,2020年10月28日,862
5554,2020年10月29日,481
5555,2020年10月30日,458
5556,2020年11月2日,761
5557,2020年11月3日,210
5558,2020年11月4日,322
5559,2020年11月5日,993
5560,2020年11月6日,415
5561,2020年11月9日,174
5562,2020年11月10日,242
5563,2020年11月11日,287
5564,2020年11月12日,475
5565,2020年11月13日,922
5566,2020年11月16日,842
5567,2020年11月17日,136
5568,2020年11月18日,346
5569,2020年11月19日,000
5570,2020年11月20日,321
5571,2020年11月23日,014
5572,2020年11月24日,998
5573,2020年11月25日,945
5574,2020年11月26日,171
5575,2020年11月27日,282
5576,2020年11月30日,571
5577,2020年12月1日,659
5578,2020年12月2日,729
5579,2020年12月3日,275
5580,2020年12月4日,201
5581,2020年12月7日,314
5582,2020年12月8日,898
5583,2020年12月9日,693
5584,2020年12月10日,823
5585,2020年12月11日,831
5586,2020年12月14日,688
5587,2020年12月15日,377
5588,2020年12月16日,364
5589,2020年12月17日,711
5590,2020年12月18日,017
5591,2020年12月21日,421
5592,2020年12月22日,689
5593,2020年12月23日,485
5594,2020年12月24日,316
5595,2020年12月25日,588
5596,2020年12月28日,925
5597,2020年12月29日,439
5598,2020年12月30日,013
5599,2021年1月4日,489
5600,2021年1月5日,715
5601,2021年1月6日,325
5602,2021年1月7日,762
5603,2021年1月8日,229
5604,2021年1月11日,051
5605,2021年1月12日,197
5606,2021年1月13日,517
5607,2021年1月14日,053
5608,2021年1月15日,740
5609,2021年1月18日,240
5610,2021年1月19日,355
5611,2021年1月20日,294
5612,2021年1月21日,923
5613,2021年1月22日,635
5614,2021年1月25日,196
5615,2021年1月26日,240
5616,2021年1月27日,602
5617,2021年1月28日,951
5618,2021年1月29日,698
5619,2021年2月1日,514
5620,2021年2月2日,509
5621,2021年2月3日,398
5622,2021年2月4日,704
5623,2021年2月5日,281
5624,2021年2月8日,357
5625,2021年2月9日,486
5626,2021年2月10日,843
5627,2021年2月11日,641
5628,2021年2月12日,000
5629,2021年2月15日,744
5630,2021年2月16日,785
5631,2021年2月17日,003
5632,2021年2月18日,912
5633,2021年2月19日,154
5634,2021年2月22日,179
5635,2021年2月23日,862
5636,2021年2月24日,385
5637,2021年2月25日,997
5638,2021年2月26日,298
5639,2021年3月1日,246
5640,2021年3月2日,934
5641,2021年3月3日,291
5642,2021年3月4日,931
5643,2021年3月5日,831
5644,2021年3月8日,097
5645,2021年3月9日,807
5646,2021年3月10日,566
5647,2021年3月11日,767
5648,2021年3月12日,759
5649,2021年3月15日,351
5650,2021年3月16日,642
5651,2021年3月17日,881
5652,2021年3月18日,347
5653,2021年3月19日,989
5654,2021年3月22日,048
5655,2021年3月23日,369
5656,2021年3月24日,876
5657,2021年3月25日,548
5658,2021年3月26日,020
5659,2021年3月29日,574
5660,2021年3月30日,526
5661,2021年3月31日,985
5662,2021年4月1日,655
5663,2021年4月2日,933
5664,2021年4月5日,415
5665,2021年4月6日,053
5666,2021年4月7日,742
5667,2021年4月8日,611
5668,2021年4月9日,684
5669,2021年4月12日,178
5670,2021年4月13日,136
5671,2021年4月14日,680
5672,2021年4月15日,016
5673,2021年4月16日,623
5674,2021年4月19日,750
5675,2021年4月20日,526
5676,2021年4月21日,258
5677,2021年4月22日,148
5678,2021年4月23日,762
5679,2021年4月26日,109
5680,2021年4月27日,053
5681,2021年4月28日,537
5682,2021年4月29日,755
5683,2021年4月30日,050
5684,2021年5月3日,971
5685,2021年5月4日,465
5686,2021年5月5日,782
5687,2021年5月6日,475
5688,2021年5月7日,068
5689,2021年5月10日,860
5690,2021年5月11日,753
5691,2021年5月12日,265
5692,2021年5月13日,958
5693,2021年5月14日,863
5694,2021年5月17日,615
5695,2021年5月18日,270
5696,2021年5月19日,855
5697,2021年5月20日,130
5698,2021年5月21日,151
5699,2021年5月24日,052
5700,2021年5月25日,369
5701,2021年5月26日,576
5702,2021年5月27日,635
5703,2021年5月28日,282
5704,2021年5月31日,493
5705,2021年6月1日,117
5706,2021年6月2日,948
5707,2021年6月3日,633
5708,2021年6月4日,227
5709,2021年6月7日,118
5710,2021年6月8日,841
5711,2021年6月9日,736
5712,2021年6月10日,746
5713,2021年6月11日,695
5714,2021年6月14日,901
5715,2021年6月15日,108
5716,2021年6月16日,553
5717,2021年6月17日,089
5718,2021年6月18日,752
5719,2021年6月21日,367
5720,2021年6月22日,400
5721,2021年6月23日,836
5722,2021年6月24日,153
5723,2021年6月25日,093
5724,2021年6月28日,479
5725,2021年6月29日,736
5726,2021年6月30日,389
5727,2021年7月1日,472
5728,2021年7月2日,759
5729,2021年7月5日,591
5730,2021年7月6日,641
5731,2021年7月7日,888
5732,2021年7月8日,758
5733,2021年7月9日,292
5734,2021年7月12日,768
5735,2021年7月13日,293
5736,2021年7月14日,740
5737,2021年7月15日,920
5738,2021年7月16日,090
5739,2021年7月19日,415
5740,2021年7月20日,900
5741,2021年7月21日,803
5742,2021年7月22日,764
5743,2021年7月23日,378
5744,2021年7月26日,388
5745,2021年7月27日,556
5746,2021年7月28日,614
5747,2021年7月29日,764
5748,2021年7月30日,704
5749,2021年8月2日,239
5750,2021年8月3日,240
5751,2021年8月4日,696
5752,2021年8月5日,345
5753,2021年8月6日,163
5754,2021年8月9日,419
5755,2021年8月10日,599
5756,2021年8月11日,261
5757,2021年8月12日,745
5758,2021年8月13日,707
5759,2021年8月16日,746
5760,2021年8月17日,630
5761,2021年8月18日,144
5762,2021年8月19日,034
5763,2021年8月20日,862
5764,2021年8月23日,128
5765,2021年8月24日,841
5766,2021年8月25日,760
5767,2021年8月26日,987
5768,2021年8月27日,413
5769,2021年8月30日,412
5770,2021年8月31日,335
5771,2021年9月1日,502
5772,2021年9月2日,933
5773,2021年9月3日,099
5774,2021年9月6日,595
5775,2021年9月7日,059
5776,2021年9月8日,547
5777,2021年9月9日,916
5778,2021年9月10日,931
5779,2021年9月13日,040
5780,2021年9月14日,468
5781,2021年9月15日,032
5782,2021年9月16日,662
5783,2021年9月17日,714
5784,2021年9月20日,723
5785,2021年9月21日,114
5786,2021年9月22日,708
5787,2021年9月23日,975
5788,2021年9月24日,262
5789,2021年9月27日,275
5790,2021年9月28日,226
5791,2021年9月29日,610
5792,2021年9月30日,606
5793,2021年10月1日,910
5794,2021年10月4日,876
5795,2021年10月5日,033
5796,2021年10月6日,649
5797,2021年10月7日,716
5798,2021年10月8日,071
5799,2021年10月11日,473
5800,2021年10月12日,461
5801,2021年10月13日,642
5802,2021年10月14日,019
5803,2021年10月15日,968
5804,2021年10月18日,527
5805,2021年10月19日,491
5806,2021年10月20日,353
5807,2021年10月21日,722
5808,2021年10月22日,426
5809,2021年10月25日,970
5810,2021年10月26日,495
5811,2021年10月27日,488
5812,2021年10月28日,187
5813,2021年10月29日,236
5814,2021年11月1日,042
5815,2021年11月2日,265
5816,2021年11月3日,188
5817,2021年11月4日,063
5818,2021年11月5日,169
5819,2021年11月8日,576
5820,2021年11月9日,024
5821,2021年11月10日,905
5822,2021年11月11日,748
5823,2021年11月12日,635
5824,2021年11月15日,245
5825,2021年11月16日,313
5826,2021年11月17日,967
5827,2021年11月18日,802
5828,2021年11月19日,571
5829,2021年11月22日,363
5830,2021年11月23日,549
5831,2021年11月24日,448
5832,2021年11月25日,357
5833,2021年11月26日,931
5834,2021年11月29日,935
5835,2021年11月30日,840
5836,2021年12月1日,126
5837,2021年12月2日,398
5838,2021年12月3日,856
5839,2021年12月6日,075
5840,2021年12月7日,871
5841,2021年12月8日,570
5842,2021年12月9日,398
5843,2021年12月10日,540
5844,2021年12月13日,418
5845,2021年12月14日,702
5846,2021年12月15日,728
5847,2021年12月16日,074
5848,2021年12月17日,050
5849,2021年12月20日,245
5850,2021年12月21日,858
5851,2021年12月22日,365
5852,2021年12月23日,486
5853,2021年12月24日,069
5854,2021年12月27日,692
5855,2021年12月28日,553
5856,2021年12月29日,737
5857,2021年12月30日,131
5858,2022年1月4日,394
5859,2022年1月5日,917
5860,2022年1月6日,201
5861,2022年1月7日,698
5862,2022年1月10日,758
5863,2022年1月11日,906
5864,2022年1月12日,372
5865,2022年1月13日,387
5866,2022年1月14日,946
5867,2022年1月17日,529
5868,2022年1月18日,118
5869,2022年1月19日,330
5870,2022年1月20日,739
5871,2022年1月21日,597
5872,2022年1月24日,207
5873,2022年1月25日,607
5874,2022年1月26日,988
5875,2022年1月27日,995
5876,2022年1月28日,355
5877,2022年1月31日,125
5878,2022年2月1日,372
5879,2022年2月2日,160
5880,2022年2月3日,839
5881,2022年2月4日,094
5882,2022年2月7日,138
5883,2022年2月8日,355
5884,2022年2月9日,008
5885,2022年2月10日,577
5886,2022年2月11日,888
5887,2022年2月14日,973
5888,2022年2月15日,280
5889,2022年2月16日,494
5890,2022年2月17日,719
5891,2022年2月18日,098
5892,2022年2月21日,991
5893,2022年2月22日,481
5894,2022年2月23日,520
5895,2022年2月24日,811
5896,2022年2月25日,951
5897,2022年2月28日,358
5898,2022年3月1日,463
5899,2022年3月2日,735
5900,2022年3月3日,907
5901,2022年3月4日,432
5902,2022年3月7日,493
5903,2022年3月8日,348
5904,2022年3月9日,516
5905,2022年3月10日,920
5906,2022年3月11日,790
5907,2022年3月14日,552
5908,2022年3月15日,805
5909,2022年3月16日,567
5910,2022年3月17日,798
5911,2022年3月18日,529
5912,2022年3月21日,133
5913,2022年3月22日,428
5914,2022年3月23日,028
5915,2022年3月24日,959
5916,2022年3月25日,928
5917,2022年3月28日,943
5918,2022年3月29日,515
5919,2022年3月30日,522
5920,2022年3月31日,733
5921,2022年4月1日,194
5922,2022年4月4日,060
5923,2022年4月5日,106
5924,2022年4月6日,922
5925,2022年4月7日,622
5926,2022年4月8日,683
5927,2022年4月11日,391
5928,2022年4月12日,338
5929,2022年4月13日,882
5930,2022年4月14日,859
5931,2022年4月15日,451
5932,2022年4月18日,950
5933,2022年4月19日,124
5934,2022年4月20日,162
5935,2022年4月21日,040
5936,2022年4月22日,193
5937,2022年4月25日,696
5938,2022年4月26日,939
5939,2022年4月27日,183
5940,2022年4月28日,621
5941,2022年4月29日,226
5942,2022年5月2日,468
5943,2022年5月3日,985
5944,2022年5月4日,394
5945,2022年5月5日,655
5946,2022年5月6日,529
5947,2022年5月9日,283
5948,2022年5月10日,408
5949,2022年5月11日,713
5950,2022年5月12日,264
5951,2022年5月13日,612
5952,2022年5月16日,981
5953,2022年5月17日,150
5954,2022年5月18日,007
5955,2022年5月19日,603
5956,2022年5月20日,941
5957,2022年5月23日,319
5958,2022年5月24日,123
5959,2022年5月25日,940
5960,2022年5月26日,544
5961,2022年5月27日,431
5962,2022年5月30日,250
5963,2022年5月31日,790
5964,2022年6月1日,030
5965,2022年6月2日,044
5966,2022年6月3日,677
5967,2022年6月6日,739
5968,2022年6月7日,936
5969,2022年6月8日,640
5970,2022年6月9日,415
5971,2022年6月10日,274
5972,2022年6月13日,272
5973,2022年6月14日,753
5974,2022年6月15日,492
5975,2022年6月16日,597
5976,2022年6月17日,087
5977,2022年6月20日,112
5978,2022年6月21日,445
5979,2022年6月22日,377
5980,2022年6月23日,844
5981,2022年6月24日,959
5982,2022年6月27日,953
5983,2022年6月28日,098
5984,2022年6月29日,483
5985,2022年6月30日,134
5986,2022年7月1日,089
5987,2022年7月4日,671
5988,2022年7月5日,640
5989,2022年7月6日,771
5990,2022年7月7日,628
5991,2022年7月8日,641
5992,2022年7月11日,606
5993,2022年7月12日,043
5994,2022年7月13日,689
5995,2022年7月14日,949
5996,2022年7月15日,359
5997,2022年7月18日,994
5998,2022年7月19日,459
5999,2022年7月20日,941
6000,2022年7月21日,217
6001,2022年7月22日,414
6002,2022年7月25日,370
6003,2022年7月26日,208
6004,2022年7月27日,047
6005,2022年7月28日,691
6006,2022年7月29日,705
6007,2022年8月1日,827
6008,2022年8月2日,890
6009,2022年8月3日,818
6010,2022年8月4日,475
6011,2022年8月5日,509
6012,2022年8月8日,546
6013,2022年8月9日,498
6014,2022年8月10日,257
6015,2022年8月11日,802
6016,2022年8月12日,731
6017,2022年8月15日,033
6018,2022年8月16日,624
6019,2022年8月17日,287
6020,2022年8月18日,302
6021,2022年8月19日,462
6022,2022年8月22日,849
6023,2022年8月23日,048
6024,2022年8月24日,877
6025,2022年8月25日,252
6026,2022年8月26日,514
6027,2022年8月29日,988
6028,2022年8月30日,879
6029,2022年8月31日,685
6030,2022年9月1日,353
6031,2022年9月2日,347
6032,2022年9月5日,591
6033,2022年9月6日,114
6034,2022年9月7日,892
6035,2022年9月8日,020
6036,2022年9月9日,566
6037,2022年9月12日,411
6038,2022年9月13日,170
6039,2022年9月14日,318
6040,2022年9月15日,988
6041,2022年9月16日,979
6042,2022年9月19日,445
6043,2022年9月20日,232
6044,2022年9月21日,281
6045,2022年9月22日,595
6046,2022年9月23日,278
6047,2022年9月26日,222
6048,2022年9月27日,443
6049,2022年9月28日,727
6050,2022年9月29日,274
6051,2022年9月30日,125
6052,2022年10月3日,394
6053,2022年10月4日,009
6054,2022年10月5日,146
6055,2022年10月6日,432
6056,2022年10月7日,031
6057,2022年10月10日,139
6058,2022年10月11日,601
6059,2022年10月12日,630
6060,2022年10月13日,280
6061,2022年10月14日,595
6062,2022年10月17日,763
6063,2022年10月18日,809
6064,2022年10月19日,002
6065,2022年10月20日,804
6066,2022年10月21日,570
6067,2022年10月24日,030
6068,2022年10月25日,046
6069,2022年10月26日,605
6070,2022年10月27日,850
6071,2022年10月28日,849
6072,2022年10月31日,986
6073,2022年11月1日,281
6074,2022年11月2日,746
6075,2022年11月3日,065
6076,2022年11月4日,763
6077,2022年11月7日,089
6078,2022年11月8日,800
6079,2022年11月9日,054
6080,2022年11月10日,394
6081,2022年11月11日,754
6082,2022年11月14日,659
6083,2022年11月15日,641
6084,2022年11月16日,824
6085,2022年11月17日,930
6086,2022年11月18日,947
6087,2022年11月21日,590
6088,2022年11月22日,348
6089,2022年11月23日,533
6090,2022年11月24日,438
6091,2022年11月25日,424
6092,2022年11月28日,754
6093,2022年11月29日,386
6094,2022年11月30日,589
6095,2022年12月1日,978
6096,2022年12月2日,447
6097,2022年12月5日,468
6098,2022年12月6日,658
6099,2022年12月7日,745
6100,2022年12月8日,671
6101,2022年12月9日,742
6102,2022年12月12日,636
6103,2022年12月13日,638
6104,2022年12月14日,799
6105,2022年12月15日,613
6106,2022年12月16日,559
6107,2022年12月19日,460
6108,2022年12月20日,229
6109,2022年12月21日,947
6110,2022年12月22日,035
6111,2022年12月23日,329
6112,2022年12月26日,857
6113,2022年12月27日,929
6114,2022年12月28日,958
6115,2022年12月29日,194
6116,2022年12月30日,953
6117,2023年1月4日,091
6118,2023年1月5日,433
6119,2023年1月6日,185
6120,2023年1月9日,661
6121,2023年1月10日,203
6122,2023年1月11日,895
6123,2023年1月12日,055
6124,2023年1月13日,118
6125,2023年1月16日,169
6126,2023年1月17日,625
6127,2023年1月18日,963
6128,2023年1月19日,611
6129,2023年1月20日,630
6130,2023年1月23日,606
6131,2023年1月24日,167
6132,2023年1月25日,252
6133,2023年1月26日,637
6134,2023年1月27日,310
6135,2023年1月30日,108
6136,2023年1月31日,482
6137,2023年2月1日,226
6138,2023年2月2日,596
6139,2023年2月3日,566
6140,2023年2月6日,514
6141,2023年2月7日,168
6142,2023年2月8日,716
6143,2023年2月9日,310
6144,2023年2月10日,470
6145,2023年2月13日,309
6146,2023年2月14日,727
6147,2023年2月15日,268
6148,2023年2月16日,657
6149,2023年2月17日,986
6150,2023年2月20日,800
6151,2023年2月21日,520
6152,2023年2月22日,460
6153,2023年2月23日,909
6154,2023年2月24日,432
6155,2023年2月27日,424
6156,2023年2月28日,715
6157,2023年3月1日,989
6158,2023年3月2日,474
6159,2023年3月3日,609
6160,2023年3月6日,145
6161,2023年3月7日,276
6162,2023年3月8日,175
6163,2023年3月9日,092
6164,2023年3月10日,429
6165,2023年3月13日,674
6166,2023年3月14日,144
6167,2023年3月15日,134
6168,2023年3月16日,232
6169,2023年3月17日,161
6170,2023年3月20日,675
6171,2023年3月21日,337
6172,2023年3月22日,928
6173,2023年3月23日,325
6174,2023年3月24日,484
6175,2023年3月27日,321
6176,2023年3月28日,137
6177,2023年3月29日,320
6178,2023年3月30日,839
6179,2023年3月31日,694
6180,2023年4月3日,009
6181,2023年4月4日,911
6182,2023年4月5日,644
6183,2023年4月6日,258
6184,2023年4月7日,278
6185,2023年4月10日,847
6186,2023年4月11日,600
6187,2023年4月12日,890
6188,2023年4月13日,101
6189,2023年4月14日,543
6190,2023年4月17日,072
6191,2023年4月18日,188
6192,2023年4月19日,733
6193,2023年4月20日,423
6194,2023年4月21日,962
6195,2023年4月24日,178
6196,2023年4月25日,273
6197,2023年4月26日,799
6198,2023年4月27日,958
6199,2023年4月28日,953
6200,2023年5月1日,237
6201,2023年5月2日,372
6202,2023年5月3日,828
6203,2023年5月4日,019
6204,2023年5月5日,788
6205,2023年5月8日,734
6206,2023年5月9日,675
6207,2023年5月10日,746
6208,2023年5月11日,218
6209,2023年5月12日,140
6210,2023年5月15日,055
6211,2023年5月16日,464
6212,2023年5月17日,620
6213,2023年5月18日,350
6214,2023年5月19日,138
6215,2023年5月22日,292
6216,2023年5月23日,931
6217,2023年5月24日,584
6218,2023年5月25日,908
6219,2023年5月26日,277
6220,2023年5月29日,022
6221,2023年5月30日,041
6222,2023年5月31日,047
6223,2023年6月1日,608
6224,2023年6月2日,322
6225,2023年6月5日,753
6226,2023年6月6日,076
6227,2023年6月7日,995
6228,2023年6月8日,232
6229,2023年6月9日,583
6230,2023年6月12日,088
6231,2023年6月13日,370
6232,2023年6月14日,809
6233,2023年6月15日,469
6234,2023年6月16日,377
6235,2023年6月19日,893
6236,2023年6月20日,499
6237,2023年6月21日,941
6238,2023年6月22日,357
6239,2023年6月23日,781
6240,2023年6月26日,600
6241,2023年6月27日,305
6242,2023年6月28日,342
6243,2023年6月29日,795
6244,2023年6月30日,455
6245,2023年7月3日,430
6246,2023年7月4日,921
6247,2023年7月5日,574
6248,2023年7月6日,893
6249,2023年7月7日,637
6250,2023年7月10日,888
6251,2023年7月11日,688
6252,2023年7月12日,339
6253,2023年7月13日,112
6254,2023年7月14日,642
6255,2023年7月17日,974
6256,2023年7月18日,097
6257,2023年7月19日,857
6258,2023年7月20日,430
6259,2023年7月21日,831
6260,2023年7月24日,785
6261,2023年7月25日,023
6262,2023年7月26日,199
6263,2023年7月27日,243
6264,2023年7月28日,558
6265,2023年7月31日,353
6266,2023年8月1日,684
6267,2023年8月2日,507
6268,2023年8月3日,427
6269,2023年8月4日,485
6270,2023年8月7日,555
6271,2023年8月8日,422
6272,2023年8月9日,840
6273,2023年8月10日,692
6274,2023年8月11日,485
6275,2023年8月14日,622
6276,2023年8月15日,747
6277,2023年8月16日,748
6278,2023年8月17日,068
6279,2023年8月18日,035
6280,2023年8月21日,846
6281,2023年8月22日,935
6282,2023年8月23日,326
6283,2023年8月24日,758
6284,2023年8月25日,901
6285,2023年8月28日,075
6286,2023年8月29日,672
6287,2023年8月30日,216
6288,2023年8月31日,052
6289,2023年9月1日,781
6290,2023年9月4日,940
6291,2023年9月5日,007
6292,2023年9月6日,117
6293,2023年9月7日,164
6294,2023年9月8日,928
6295,2023年9月11日,286
6296,2023年9月12日,917
6297,2023年9月13日,751
6298,2023年9月14日,580
6299,2023年9月15日,579
6300,2023年9月18日,577
6301,2023年9月19日,484
6302,2023年9月20日,669
6303,2023年9月21日,876
6304,2023年9月22日,017
6305,2023年9月25日,951
6306,2023年9月26日,251
6307,2023年9月27日,305
6308,2023年9月28日,184
6309,2023年9月29日,103
6310,2023年10月2日,951
6311,2023年10月3日,220
6312,2023年10月4日,484
6313,2023年10月5日,068
6314,2023年10月6日,235
6315,2023年10月9日,209
6316,2023年10月10日,414
6317,2023年10月11日,590
6318,2023年10月12日,550
6319,2023年10月13日,549
6320,2023年10月16日,149
6321,2023年10月17日,844
6322,2023年10月18日,373
6323,2023年10月19日,985
6324,2023年10月20日,712
6325,2023年10月23日,110
6326,2023年10月24日,509
6327,2023年10月25日,880
6328,2023年10月26日,878
6329,2023年10月27日,374
6330,2023年10月30日,400
6331,2023年10月31日,645
6332,2023年11月1日,208
6333,2023年11月2日,840
6334,2023年11月3日,006
6335,2023年11月6日,282
6336,2023年11月7日,595
6337,2023年11月8日,114
6338,2023年11月9日,866
6339,2023年11月10日,060
6340,2023年11月13日,566
6341,2023年11月14日,208
6342,2023年11月15日,802
6343,2023年11月16日,105
6344,2023年11月17日,158
6345,2023年11月20日,502
6346,2023年11月21日,109
6347,2023年11月22日,584
6348,2023年11月23日,443
6349,2023年11月24日,470
6350,2023年11月27日,770
6351,2023年11月28日,041
6352,2023年11月29日,949
6353,2023年11月30日,060
6354,2023年12月1日,082
6355,2023年12月4日,511
6356,2023年12月5日,557
6357,2023年12月6日,204
6358,2023年12月7日,384
6359,2023年12月8日,183
6360,2023年12月11日,558
6361,2023年12月12日,544
6362,2023年12月13日,104
6363,2023年12月14日,169
6364,2023年12月15日,230
6365,2023年12月18日,532
6366,2023年12月19日,118
6367,2023年12月20日,153
6368,2023年12月21日,304
6369,2023年12月22日,850
6370,2023年12月25日,049
6371,2023年12月26日,906
6372,2023年12月27日,451
6373,2023年12月28日,090
6374,2023年12月29日,429
6375,2024年1月4日,013
6376,2024年1月5日,491
6377,2024年1月8日,565
6378,2024年1月9日,389
6379,2024年1月10日,460
6380,2024年1月11日,341
6381,2024年1月12日,919
6382,2024年1月15日,833
6383,2024年1月16日,780
6384,2024年1月17日,320
6385,2024年1月18日,604
6386,2024年1月19日,091
6387,2024年1月22日,385
6388,2024年1月23日,715
6389,2024年1月24日,725
6390,2024年1月25日,796
6391,2024年1月26日,101
6392,2024年1月29日,419
6393,2024年1月30日,802
6394,2024年1月31日,723
6395,2024年2月1日,310
6396,2024年2月2日,546
6397,2024年2月5日,458
6398,2024年2月6日,945
6399,2024年2月7日,791
6400,2024年2月8日,948
6401,2024年2月9日,706
6402,2024年2月12日,916
6403,2024年2月13日,055
6404,2024年2月14日,692
6405,2024年2月15日,963
6406,2024年2月16日,394
6407,2024年2月19日,920
6408,2024年2月20日,541
6409,2024年2月21日,105
6410,2024年2月22日,633
6411,2024年2月23日,834
6412,2024年2月26日,834
6413,2024年2月27日,358
6414,2024年2月28日,983
6415,2024年2月29日,414
6416,2024年3月1日,367
6417,2024年3月4日,017
6418,2024年3月5日,566
6419,2024年3月6日,395
6420,2024年3月7日,956
6421,2024年3月8日,810
6422,2024年3月11日,366
6423,2024年3月12日,494
6424,2024年3月13日,388
6425,2024年3月14日,833
6426,2024年3月15日,957
6427,2024年3月18日,378
6428,2024年3月19日,991
6429,2024年3月20日,978
6430,2024年3月21日,495
6431,2024年3月22日,059
6432,2024年3月25日,391
6433,2024年3月26日,504
6434,2024年3月27日,346
6435,2024年3月28日,578
6436,2024年3月29日,150
6437,2024年4月1日,603
6438,2024年4月2日,440
6439,2024年4月3日,992
6440,2024年4月4日,965
6441,2024年4月5日,639
6442,2024年4月8日,881
6443,2024年4月9日,018
6444,2024年4月10日,668
6445,2024年4月11日,627
6446,2024年4月12日,490
6447,2024年4月15日,089
6448,2024年4月16日,081
6449,2024年4月17日,180
6450,2024年4月18日,736
6451,2024年4月19日,910
6452,2024年4月22日,941
6453,2024年4月23日,806
6454,2024年4月24日,975
6455,2024年4月25日,981
6456,2024年4月26日,279
6457,2024年4月29日,898
6458,2024年4月30日,020
6459,2024年5月1日,907
6460,2024年5月2日,313
6461,2024年5月3日,666
6462,2024年5月6日,827
6463,2024年5月7日,282
6464,2024年5月8日,412
6465,2024年5月9日,271
6466,2024年5月10日,473
6467,2024年5月13日,186
6468,2024年5月14日,772
6469,2024年5月15日,219
6470,2024年5月16日,943
6471,2024年5月17日,872
6472,2024年5月20日,156
6473,2024年5月21日,526
6474,2024年5月22日,719
6475,2024年5月23日,268
6476,2024年5月24日,267
6477,2024年5月27日,161
6478,2024年5月28日,564
6479,2024年5月29日,419
6480,2024年5月30日,933
6481,2024年5月31日,904
6482,2024年6月3日,199
6483,2024年6月4日,478
6484,2024年6月5日,712
6485,2024年6月6日,781
6486,2024年6月7日,455
6487,2024年6月10日,760
6488,2024年6月11日,529
6489,2024年6月12日,788
6490,2024年6月13日,435
6491,2024年6月14日,632
6492,2024年6月17日,421
6493,2024年6月18日,119
6494,2024年6月19日,665
6495,2024年6月20日,017
6496,2024年6月21日,668
6497,2024年6月24日,484
6498,2024年6月25日,018
6499,2024年6月26日,426
6500,2024年6月27日,280
6501,2024年6月28日,364
6502,2024年7月1日,724
6503,2024年7月2日,732
6504,2024年7月3日,094
6505,2024年7月4日,575
6506,2024年7月5日,993
6507,2024年7月8日,810
6508,2024年7月9日,273
6509,2024年7月10日,224
6510,2024年7月11日,335
6511,2024年7月12日,475
6512,2024年7月15日,098
6513,2024年7月16日,884
6514,2024年7月17日,100
6515,2024年7月18日,864
6516,2024年7月19日,086
6517,2024年7月22日,937
6518,2024年7月23日,620
6519,2024年7月24日,643
6520,2024年7月25日,503
6521,2024年7月26日,498
6522,2024年7月29日,853
6523,2024年7月30日,343
6524,2024年7月31日,392
6525,2024年8月1日,"
098
"
6526,2024年8月2日,"
127
"
6527,2024年8月5日,"
280
"
6528,2024年8月6日,"
802
"
6529,2024年8月7日,"
862
"
6530,2024年8月8日,"
036
"
6531,2024年8月9日,"
270
"
6532,2024年8月12日,"
580
"
6533,2024年8月13日,"
701
"
6534,2024年8月14日,"
051
"
6535,2024年8月15日,"
337
"
6536,2024年8月16日,"
322
"
6537,2024年8月19日,"
684
"
6538,2024年8月20日,"
772
"
6539,2024年8月21日,"
803
"
6540,2024年8月22日,"
801
"
6541,2024年8月23日,"
067
"
6542,2024年8月26日,"
900
"
6543,2024年8月27日,"
376
"
6544,2024年8月28日,"
656
"
6545,2024年8月29日,"
355
"
6546,2024年8月30日,"
864
"
6547,2024年9月2日,"
398
"
6548,2024年9月3日,"
216
"
6549,2024年9月4日,"
385
"
6550,2024年9月5日,"
666
"
6551,2024年9月6日,"
827
"
6552,2024年9月9日,"
500
"
6553,2024年9月10日,"
811
"
6554,2024年9月11日,"
508
"
6555,2024年9月12日,"
527
"
6556,2024年9月13日,"
215
"
6557,2024年9月16日,"
319
"
6558,2024年9月17日,"
669
"
6559,2024年9月18日,"
430
"
6560,2024年9月19日,"
297
"
6561,2024年9月20日,"
776
"
6562,2024年9月23日,"
808
"
6563,2024年9月24日,"
844
"
6564,2024年9月25日,"
835
"
6565,2024年9月26日,"
841
"
6566,2024年9月27日,"
171
"
6567,2024年9月30日,"
549
"
6568,2024年10月1日,"
484
"
6569,2024年10月2日,"
190
"
6570,2024年10月3日,"
097
"
6571,2024年10月4日,"
610
"
6572,2024年10月7日,"
477
"
6573,2024年10月8日,"
014
"
6574,2024年10月9日,"
113
"
6575,2024年10月10日,"
264
"
6576,2024年10月11日,"
751
"
6577,2024年10月14日,"
202
"
6578,2024年10月15日,"
582
"
6579,2024年10月16日,"
983
"
6580,2024年10月17日,"
546
"
6581,2024年10月18日,"
411
"
6582,2024年10月21日,"
934
"
6583,2024年10月22日,"
731
"
6584,2024年10月23日,"
691
"
6585,2024年10月24日,"
021
"
6586,2024年10月25日,"
783
"
6587,2024年10月28日,"
830
"
6588,2024年10月29日,"
161
"
6589,2024年10月30日,"
060
"
6590,2024年10月31日,"
133
"
6591,2024年11月1日,"
241
"
6592,2024年11月4日,"
187
"
6593,2024年11月5日,"
290
"
6594,2024年11月6日,"
359
"
6595,2024年11月7日,"
395
"
6596,2024年11月8日,"
984
"
6597,2024年11月11日,"
230
"
6598,2024年11月12日,"
518
"
6599,2024年11月13日,"
091
"
6600,2024年11月14日,"
530
"
6601,2024年11月15日,"
091
"
6602,2024年11月18日,"
035
"
6603,2024年11月19日,"
956
"
6604,2024年11月20日,"
406
"
6605,2024年11月21日,"
138
"
6606,2024年11月22日,"
147
"
6607,2024年11月25日,"
566
"
6608,2024年11月26日,"
814
"
6609,2024年11月27日,"
638
"
6610,2024年11月28日,"
878
"
6611,2024年11月29日,"
656
"
6612,2024年12月2日,"
175
"
6613,2024年12月3日,"
340
"
6614,2024年12月4日,"
179
"
6615,2024年12月5日,"
710
"
6616,2024年12月6日,"
281
"
6617,2024年12月9日,"
692
"
6618,2024年12月10日,"
205
"
6619,2024年12月11日,"
431
"
6620,2024年12月12日,"
989
"
6621,2024年12月13日,"
409
"
6622,2024年12月16日,"
632
"
6623,2024年12月17日,"
264
"
6624,2024年12月18日,"
108
"
6625,2024年12月19日,"
873
"
6626,2024年12月20日,"
052
"
6627,2024年12月23日,"
495
"
6628,2024年12月24日,"
496
"
6629,2024年12月25日,"
404
"
6630,2024年12月26日,"
315
"
6631,2024年12月27日,"
953
"
6632,2024年12月30日,"
303
"
6633,2025年1月6日,"
188
"
6634,2025年1月7日,"
238
"
6635,2025年1月8日,"
462
"
6636,2025年1月9日,"
207
"
6637,2025年1月10日,"
669
"
6638,2025年1月13日,"
265
"
6639,2025年1月14日,"
606
"
6640,2025年1月15日,"
216
"
6641,2025年1月16日,"
100
"
6642,2025年1月17日,"
944
"
6643,2025年1月20日,"
672
"
6644,2025年1月21日,"
496
"
6645,2025年1月22日,"
842
"
6646,2025年1月23日,"
239
"
6647,2025年1月24日,"
557
"
6648,2025年1月27日,"
169
"
6649,2025年1月28日,"
763
"
6650,2025年1月29日,"
314
"
6651,2025年1月30日,"
577
"
6652,2025年1月31日,"
020
"
6653,2025年2月3日,"
168
"
6654,2025年2月4日,"
799
"
6655,2025年2月5日,"
973
"
6656,2025年2月6日,"
033
"
6657,2025年2月7日,"
100
"
6658,2025年2月10日,"
249
"
6659,2025年2月11日,"
086
"
6660,2025年2月12日,"
427
"
6661,2025年2月13日,"
354
"
6662,2025年2月14日,"
720
"
6663,2025年2月17日,"
796
"
6664,2025年2月18日,"
804
"
6665,2025年2月19日,"
157
"
6666,2025年2月20日,"
770
"
6667,2025年2月21日,"
531
"
6668,2025年2月24日,"
423
"
6669,2025年2月25日,"
185
"
6670,2025年2月26日,"
996
"
6671,2025年2月27日,"
372
"
6672,2025年2月28日,"
394
"
6673,2025年3月3日,"
422
"
6674,2025年3月4日,"
638
"
6675,2025年3月5日,"
052
"
6676,2025年3月6日,"
417
"
6677,2025年3月7日,"
128
"
6678,2025年3月10日,"
959
"
6679,2025年3月11日,"
036
"
6680,2025年3月12日,"
312
"
6681,2025年3月13日,"
946
"
6682,2025年3月14日,"
766
"
6683,2025年3月17日,"
187
"
6684,2025年3月18日,"
150
"
6685,2025年3月19日,"
099
"
6686,2025年3月20日,"
320
"
6687,2025年3月21日,"
146
"
6688,2025年3月24日,"
948
"
6689,2025年3月25日,"
990
"
6690,2025年3月26日,"
029
"
6691,2025年3月27日,"
725
"
6692,2025年3月28日,"
730
"
6693,2025年3月31日,"
337
"
6694,2025年4月1日,"
515
"
6695,2025年4月2日,"
964
"
6696,2025年4月3日,"
129
"
6697,2025年4月4日,"
214
"
6698,2025年4月7日,"
623
"
6699,2025年4月8日,"
457
"
6700,2025年4月9日,"
046
"
6701,2025年4月10日,"
467
"
6702,2025年4月11日,"
543
"
6703,2025年4月14日,"
313
"
6704,2025年4月15日,"
574
"
6705,2025年4月16日,"
629
"
6706,2025年4月17日,"
249
"
6707,2025年4月18日,"
440
"
6708,2025年4月21日,"
637
"
6709,2025年4月22日,"
020
"
6710,2025年4月23日,"
896
"
6711,2025年4月24日,"
978
"
6712,2025年4月25日,"
446
"
6713,2025年4月28日,"
718
"
6714,2025年4月29日,"
253
"
6715,2025年4月30日,"
878
"
6716,2025年5月1日,"
752
"
6717,2025年5月2日,"
652
"
6718,2025年5月5日,"
133
"
6719,2025年5月6日,"
157
"
6720,2025年5月7日,"
990
"
6721,2025年5月8日,"
990
"
6722,2025年5月9日,"
190
"
6723,2025年5月12日,"
502
"
6724,2025年5月13日,"
152
"
6725,2025年5月14日,"
122
"
6726,2025年5月15日,"
371
"
6727,2025年5月16日,"
611
"
6728,2025年5月19日,"
870
"
6729,2025年5月20日,"
263
"
6730,2025年5月21日,"
355
"
6731,2025年5月22日,"
680
"
6732,2025年5月23日,"
752
"
6733,2025年5月26日,"
902
"
6734,2025年5月27日,"
238
"
6735,2025年5月28日,"
564
"
6736,2025年5月29日,"
849
"
6737,2025年5月30日,"
549
"
6738,2025年6月2日,"
898
"
6739,2025年6月3日,"
800
"
6740,2025年6月4日,"
819
"
6741,2025年6月5日,"
066
"
6742,2025年6月6日,"
227
"
6743,2025年6月9日,"
490
"
6744,2025年6月10日,"
284
"
6745,2025年6月11日,"
918
"
6746,2025年6月12日,"
535
"
6747,2025年6月13日,"
069
"
6748,2025年6月16日,"
040
"
6749,2025年6月17日,"
482
"
6750,2025年6月18日,"
120
"
6751,2025年6月19日,"
695
"
6752,2025年6月20日,"
536
"
6753,2025年6月23日,"
870
"
6754,2025年6月24日,"
652
"
6755,2025年6月25日,"
306
"
6756,2025年6月26日,"
458
"
6757,2025年6月27日,"
621
"
6758,2025年6月30日,"
149
"
6759,2025年7月1日,"
307
"
6760,2025年7月2日,"
897
"
6761,2025年7月3日,"
108
"
6762,2025年7月4日,"
407
"
6763,2025年7月7日,"
190
"
6764,2025年7月8日,"
614
"
6765,2025年7月9日,"
843
"
6766,2025年7月10日,"
364
"
6767,2025年7月11日,"
324
"
6768,2025年7月14日,"
588
"
6769,2025年7月15日,"
548
"
6770,2025年7月16日,"
693
"
6771,2025年7月17日,"
442
"
6772,2025年7月18日,"
601
"
6773,2025年7月21日,"
224
"
6774,2025年7月22日,"
168
"
6775,2025年7月23日,"
801
"
6776,2025年7月24日,"
671
"
6777,2025年7月25日,"
294
"
6778,2025年7月28日,"
648
"
6779,2025年7月29日,"
524
"
6780,2025年7月30日,"
491
"
6781,2025年7月31日,"
244
"
